"Meslek","Şehir","Nitelikler"
"React.Js Developer","İstanbul","Şirketimizin dış kaynak sağladığı kurumsal bir firmada görev alacak, belirtilen niteliklere uygun Front-End Developer/React.js uzmanları alınacaktır.   Nitelikler  Üniversitelerin Bilgisayar Mühendisliği ya da ilgili diğer mühendislik bölümlerinden mezun   Yazılım geliştirme projelerinde en az 2 yıl tecrübeli  ***İyi derece React.js bilgisi olan   TypeScript, Javascript (Jquery, AJAX, OOP, MVVM),  SCSS, HTML5, RESTfull API konularında bilgi ve tecrübe sahibi  Araştırmacı ve yeni teknolojileri öğrenmeye hevesli  Takım çalışmasına yatkın, sorumluluk sahibi ve etkili iletişim kurabilen   Erkek adaylar için askerliğini yapmış veya en az 2 yıl tecilli olan  "
"Yazılım Uzmanı","Kocaeli","Yazılım Uzmanı   İş Tanımı  Endüstri 4.0 alanında Mobil ve Web yazılımları üzerine, esnek çalışma saatlerine ve takım çalışmasına yatkın yetişmiş ya da yetiştirilmek üzere Yazılım Uzmanı adayları aranmaktadır.     Aranan Nitelikler     Tercihen Üniversitelerin Yazılım ve Bilgisayar Mühendisliği veya ilgili bölümlerinden mezun,  ANGULAR platformunda deneyimli,  Tercihen NET platformu, C#, MVC ve Entity Framework konularında deneyimli,  "
"Ms Sql Server Veritabanı Uzmanı/Uzman Yardımcısı","İstanbul"," "
"Canias ERP Sorumlusu (Boya)","İstanbul","Canias ERP Programında tecrübeli, Ek modül programlarının geliştirilmesinde deneyimli, İstanbul / Ümraniye bölgesinde çalışabilecek,  Erkek adaylar için askerlik görevini tamamlamış,     İŞ TANIMI   Danışmanlık hizmeti verdiğimiz, Boya sektöründe üretim yapan bir firma için;   ERP ile bağlantısı olan diğer programların entegrasyonlarını sağlayacak, Tüm departmanların İş süreçlerini analiz edip gerekli olması durumunda modellemesini yapacak,  Kullanıcı problemlerine destek ve çözüm sunacak,  Kullanıcı eğitimlerini verecek, "
".Net Yazılım Geliştirme Uzmanı","Bursa"," "
"Yazılım Uzman Yardımcısı","Antalya","      Üniversitelerin ilgili bölümlerinden mezun (tercihen Elektronik, Elektrik ve Elektronik, Elektronik Haberleşme, Bilgisayar Mühendisliği)  Linux platformu konusunda tecrübeli ve bilgili Python ile programlama deneyime sahip (Full stack)  Flask, Django framework’ler hakkında bilgi sahibi, tercihen uygulama geliştirmiş  Ethernet, TCP/IP, USB, SPI, CAN, I2C, RS232, RS485 haberleşme ara yüz ve protokolleri   konusunda bilgili  Yazılım yaşam döngüsü için gerekli her türlü dokümantasyonu hazırlayabilen  Tercihen ilişkisel veri tabanıyla çalışmış (PostgreSql, Sqlite)  "
"Uzman Java Yazılım Mühendisi","Ankara","Yazılım teknolojilerini yakından takip ederek elde ettiği kazanımları AR-GE ve Simülasyon Teknolojileri, Komuta Kontrol C5ISR Sistemleri, Bilişim ve Güvenlik Teknolojileri, Nükleer Güvenlik Teknolojileri alanlarında geliştirilen proje ve ürünlerde etkin biçimde uygulayacak, kamu ve ticari kurum projelerinde yer alabilecek,  Üniversitelerin bilgisayar mühendisliği, yazılım mühendisliği veya ilgili bölümlerinden mezun, JAVA ile uygulama geliştirme konusunda en az 3 yıl deneyimli, OOP konusunda deneyimli, Spring (Boot, Security, Context, MVC) teknolojileri ile çalışmış,  Design Principles & Design Patterns konusunda bilgili, ORM araçları hakkında bilgisi olan, Java 8 ile birlikte gelen Stream API, Functional Interface, Lambda Expressions konularına hakim,  Maven veya Gradle konularında bilgili,  TDD konusunda bilgili, birim/entegrasyon test kavramlarına aşina,   Tercihen Spring Cloud bilgisi olan, Tercihen Java EE spesifikasyonlarına (EJB, JPA, vs) aşina,  Tercihen Agile metodolojisi ile yazılım geliştirmiş veya bilgi sahibi olan, Tercihen React, Angular veya diğer Javascript teknolojilerinde bilgili, "
"ASP.NET Yazılım Mühendisi - Backend"," ","Bilkent Cyberpark ofisimizde AB projesi olan global destekli bir projede yer alacak Azure ve .NET tabanlı projelerimiz için çalışma arkadaşı arıyoruz.  Teknik özelliklerden önce;  Takım çalışmasına uygun Sorumluluk bilincinde Güncel teknolojileri takip eden Kendini geliştirmek isteyen  ve yanında aşağıdaki teknik özelliklere;  Tercihen üniversitelerin Bilgisayar Mühendisliği, Yazılım Mühendisliği Elektrik - Elektronik Mühendisliği,Bilgisayar Programcılığı vb bölümlerinden mezun Microsoft .NET uygulama geliştirme konusunda minimum 3 yıl deneyime sahip  ASP.NET MVC, .Net Core 3.1, Web API, WCF, SOAP, Rest web servis teknolojilerinde tecrübeli  xUnit testing framework ile unit test yazma deneyimi  Git versiyonlama sistemiyle çalışmış,  OOD, OOP ve tasarım desenleri konusunda bilgi sahibi  Unit Of Work, Repository Pattern ve diğer tasarım desenleri konusunda tecrübeli  SOLID prensiplerini benimsemiş ve uygulamalarında bu prensipleri kullanmaya özen gösteren  Veri tabanı tasarımı ve ilişkisel veri tabanı mimarisi konularında bilgili  "
"Yazılım Geliştirme Uzmanı (Full-Stack)"," "," "
"Analist","İstanbul","Üniversitelerin 4 yıllık mühendislik (Tercihen Endüstri, İşletme, Sigortacılık, Aktüerya, Metematik, İstatistik, ve Bilgisayar Mühendisliği bölümlerinden biri) fakültelerinden mezun Tercihen analist pozisyonunda 1-2 yıl deneyimli. Süreç ve Proje yönetimi konusunda kendisini geliştirmek isteyen, Analitik düşünce, iletişim, analiz, raporlama ve sunum becerileri güçlü, Çözüm üretmeyi seven,  Dinamik, Sonuç odaklı ve takipçi, Dokümantasyon yetkinlikleri kuvvetli, Teknik dokümantasyonu takip edebilecek seviyede İngilizce bilgisi olan çalışma arkadaşları arıyoruz.   İŞ TANIMI Kapsam ve İş analizi yapmak, Fonksiyonel tasarım ve görsel ekran tasarımı gerçekleştirmek Yapılan analize göre en uygun çözümü ve gerekli sistem bileşenlerini tasarlamak Proje risklerini belirlemek, uygun çözümler üretmek, önlemler almak, Proje ekibi ve Müşteriyi yönlendirmek, Proje sürecinin her aşamasında iletişim, takip, bilgilendirme, raporlama ve koordinasyon ihtiyaçlarınıyönetmek, teknik sorunları çözmek Proje, İş, Kaynak ve Bütçe planları hazırlamak Periyodik Proje durum raporları hazırlamak "
"Yazılım Geliştirme Uzmanı"," ","GENEL NİTELİKLER  Üniversitelerin Bilgisayar Mühendisliği bölümlerinden mezun, .NET(C#, MVC) platformlarında uygulama geliştirme konusunda en az 3 yıllık deneyime sahip, MSSQL ve SQL Server konusunda tecrübeli, ERP uygulamaları ve projeleri konusunda deneyimli, Tercihen Dynamics Axapta / Dynamics 365 platformları üzerinde çalışmış, Web servislerinin geliştirilmesi ve sistemler arası entegrasyonu konusunda tecrübeli, Takım çalışmasına yatkın, Erkek adaylar için askerlik görevini yerine getirmiş, Bursada ikamet eden veya edebilecek,  Çalışma arkadaşları aramaktayız.  İŞ TANIMI  Firmamızın Bursa ve diğer lokasyonlarında oluşacak yazılım geliştirme süreçlerinde görev alacak, Oluşan ihtiyaçlara istinaden ERP sistemi üzerinde geliştirme yapabilecek, ERP dışı oluşan ihtiyaçlarda iş süreçlerinin analizi ve ihtiyaçların çıkarılmasında destek sağlayacak, Yazılım, veri tabanı ve sistem altyapısıyla ilgili çalışmalarda aktif rol alacak, "
"Java Yazılım Uzmanı","İstanbul"," Üniversitelerin Bilgisayar Mühendisliği veya benzeri 4 yıllık bölümlerinden mezun  2-8 yıl yazılım projelerinde aktif görev almış Çok katmanlı uygulama geliştirme mimarilerinde yazılım geliştirme yapmış Java platformlarında (JEE, Spring, Struts, vb.) uygulama geliştirme deneyimi olan Web servisleri konusunda deneyimli (RESTful, SOAP, vb.) Web tabanlı uygulama geliştirme konusunda deneyimli (AJAX, JSON, HTML, Java Script, vb.)  DevOps Tool deneyimi (Jenkins, Docker, Openshift vs.) ve Spring Boot & Microservices tecrübesi tercih sebebidir.  Müşteri ihtiyaçlarını anlayarak uygulama tasarımını oluşturabilecek, sorumluluk üstlenebilecek Ekip çalışmasına yatkın, yeni teknolojilere ve gelişmeye açık Erkek adaylar için askerliğini tamamlamış veya en az 2 yıl tecilli     İŞ TANIMI   "
"Kıdemli Yazılım Geliştirme Uzmanı","İstanbul"," "
"Bilgi İşlem Analisti"," ","İşin Tanımı:   -Pazarlama projelerinde kullanılacak olan materyallerinin tasarım, geliştirme ve değerlendirmesini yapmak  -Var olan projelerde değişiklik ve geliştirmeler yapmak,  -Pazarlama projelerindeki içeriklerin çekimini yapmak, kurgusunu yapmak ve uygulamak,  -Sunum, montaj ve etkinlik videoları oluşturmak,  -Video içerik üretimine fikir bulmak, geliştirme tarafında katkı sağlamak,  -Hazırladığı ilgili içerikleri otomasyon sistemine yüklemek,  -Videolardan nitelikli GIF’ler çıkarmak.  -Sosyal medya hesaplarının takip edilmesi  Aranan Nitelikler "
"Veri Ambarı Yazılım Uzmanı","İstanbul","Firmamız tarafından yürütülen bankacılık projelerimizde görevlendirilmek üzere, Veri Ambarı Yazılım Uzmanı arayışımız bulunmaktadır.    Genel Nitelikler:  Üniversitelerin Bilgisayar Mühendisliği veya benzeri bölümlerinden mezun, İyi derecede PL/SQL, T-SQL, SQL bilgisine sahip Tercihen iş zekası, veri ambarı projelerinde 2-3 yıl tecrübeli,  Tercihen Business Objects ve benzeri raporlama araçları konusunda bilgi sahibi, Tercihen Bankacılık sektöründe çalışmış, bankacılık terminolojisi bilen, Tercihen ODI konusunda bilgi sahibi, Tercihen Java, XML ve Webservice Teknolojileri bilgisine sahip (Java, J2EE, JDBC, XML), Tercihen data-mining/CRM projelerinde çalışmış, Takım çalışmasına yatkın, sorumluluk sahibi ve etkili iletişim kurabilen, Erkek adaylar için askerliğini yapmış, İstanbul’da ikamet eden, seyahate engel durumu olmayan, İngilizce’yi iyi derecede bilen.    "
"Bilgi İşlem Elemanı","Bursa"," "
"Mobil Uygulama Geliştiricisi (React Native)"," ","Türkiye'de birçok kuruluş tarafından kullanılan web ve mobil tabanlı bir iş takip programı olan Cubicl'ı (cubicl.io) geliştiren ODTÜ Teknokent'teki startup ekibimize React Native bilen mobil uygulama geliştiricileri arıyoruz.     İŞ TANIMI  Uygulamamızın yol haritasında bulunan özelliklerin geliştirilmesi Yazılımsal hataların giderilmesi     ARANAN NİTELİKLER  Üniversitelerin Bilgisayar Mühendisliği veya ilgili bölümlerinden mezun olmak Döküman yazacak seviyede İngilizce bilmek React Native kullanmış olmak JSON ve REST API hakkında bilgi sahibi olmak Detaylara önem vermek "
"E-Ticaret Uzmanı","İstanbul"," Türkiye’de eşarp, bayan giyim ve üretimde lider olan markamızın Eyüp'te bulunan genel merkezinde E-Ticaret departmanına bağlı olarak görev alacak;  Siteye banner-slider görsellerini optimize ederek yerleştirecek, Landing page tasarlamalarını gerçekleştirecek, İstenilen kampanya kurgularını yaparak siteye entegre edecek, bunların takibini sağlayacak ve raporlayacak, Banka sanal pos sorunlarıyla ilgilenecek, Ürün görsellerini ve ürün açıklamalarını ekleyecek, Yazılımsal tespitleri gerçekleştirecek(test kontrolleri ve takibi), İstenen Yetenek ve Uzmanlıklar Tercihen üniversitelerin Bilgisayar Mühendisliği bölümlerinden mezun, E-ticaret sektöründe en az 2 yıl deneyimli, İyi seviyede HTML+CSS bilgisi olan, İyi seviyede Ticimax programını kullanan, Pazar yerleri hakkında bilgi sahibi, MS Office programlarına hakim, Orta düzeyde photoshop bilgisi olan, Yazılı ve sözlü iletişimi kuvvetli, Analitik düşünce yapısına hakim,  "
"Deneyimli ERP Uzmanı","İstanbul","Yıldızlar SSS Holding,  İstanbul Bilgi Teknolojiler bölümü bünyesinde tam zamanlı olarak görevlendirilmek üzere;     Endüstri, Bilgisayar Mühendisliği veya ilgilibölümlerinden mezun, Canias ERP projelerinde en az 2 yıl aktif görev almış, SQL sorgulama dilini iyi bilen, Troia geliştirme dilini bilen, Esnek çalışma saatlerinde ve yoğun tempoda çalışabilecek, Gelişmiş iletişim ve sunum becerilerine sahip, insan ilişkilerinde başarılı, Ekip çalışmasına yatkın ve analitik düşünme yeteneği gelişmiş, Literatürü İngilizce izleyebilecek, yazılı ve sözlü iletişim kurabilecek,   Erkek adaylar için askerlik hizmetini tamamlamış Seyahat engeli olmayan, İstanbul’da ikamet eden veya edebilecek olan  Deneyimli ERP Uzmanı alınacaktır.  Bu pozisyon genel olarak CANIAS ERP yazılım projelerinde Troia ile özel uygulama ve fonksiyonların geliştirilmesi, kullanıcı eğitimlerinin ve desteklerinin verilmesi gibi faaliyetlerden sorumlu olacaktır.  "
"Gömülü Yazılım Mühendisi"," ","Üniversitelerin Elektrik-Elektronik veya Bilgisayar Mühendisliği Bölümleri' nden mezun, C ve C++ programlama dilinde tecrübeli, İşletim sistemleri temellerini bilen, TCP/IP ve Unix ağ programlama bilgisine sahip Linux üzerinde GTK+ veya QT ile arayüz programlaması yapabilen, Görüntü işleme ve Video Streaming konularında temel bilgi sahibi olan, Analitik düşünme yetisine sahip, çözüm odaklı, takım çalışmasına yatkın, yoğun iş temposuna ayak uydurabilecek, Araştırma ve geliştirme konularında kariyer yapmaya ve yeni teknolojileri öğrenmeye istekli, Teknik derecedeyeterli İngilizce bilgisine sahip, Erkek adaylar için askerlik hizmetini tamamlamış. Linux tabanlı gömülü sistemlerde, uygulama yazılımı geliştirilmesi  Mevcut yazılımların güncellenip iyileştirilmesi, saha desteği verilmesi  Yazılım projelerinde aktif rol alma,  Sistem ürün gereksinimlerinin belirlenip gerekli testlerin yapılması, yaptırılması,  Ürün tasarımı sürecinde ihtiyaç duyulan konfigürasyon yönetimi, kaynak kod kontrolü, test ve dökümantasyon gibi formal geliştirme tekniklerinin  kullanılması.  "
"Gömülü Yazılım Mühendisi","İstanbul","Üniversitelerin Elektronik, Elektrik-Elektronik, Elektronik ve Haberleşme, Bilgisayar Mühendisliği bölümlerinden mezun  C, C++ dillerinde gömülü yazılım geliştirme tecrübesine sahip Embedded linux üzerinde yazılım geliştirme tecrübesine sahip, Python diline hakim Nesne yönelimli programlama konusunda bilgi sahibi Ölçü aletlerini (Osilaskop, multimetre vb.) etkin şekilde kullanabilen Haberleşme protokolleri (TCP/IP, SNMP, I2C, SPI, CANopen, Modbus) hakkında bilgi sahibi Yazılım geliştirme araçlarını etkin kullanan (IDE, versiyon kontrol, debugging, toolchain) İyi derecede yazılı ve sözlü İngilizce iletişim kurabilen Gerektiğinde yurtiçi ve yurtdışı seyahat edebilecek İş disiplini ve düzenine sahip, takım çalışmasına yatkın Erkek adaylar için askerlik görevini tamamlamış veya en az 2 yıl tecilli Güvenlik soruşturması engeli bulunmayan  TERCİH NEDENİ OLABİLECEK NİTELİKLER  C#, Java, web, mobil yazılım geliştirme tecrübesi bulunan Yazılım test yöntemleri ve yaşam döngüsü süreçleri konusunda bilgi sahibi DOORS, Jira benzeri yazılımlar konusunda bilgi sahibi  "
"Yazılım Geliştirme Uzmanı","Düzce","* Mobil App (Android ve IOS) alanında tecrübe sahibi   *Üniversitelerin Bilgisayar Mühendisliği, Bilgisayar Programcılığı veya ilgili bölümlerinden mezun  *İlişkisel veri tabanları ve nesne-veri ilişkileri konusunda bilgi sahibi  *Nesne Yönelimli Programlama konusunda  tecrübeli;  *Yazılım tasarım kalıpları (Design Patterns) konusunda bilgi sahibi  *RESTful services ve Web Services konularında tecrübesi olan  *Server to Server; Server to Client; Client to Server konularında deneyimi olan  *HTML5, CSS konusunda tecrübeli olan  *Git / BitBucket gibi versiyon takip sistemi konularında bilgi ve tecrübesi olan  *Mobil uygulama geliştirme alanında deneyimli  "
"Fullstack Developer"," ","Sıfırdan oluşturulacak yazılım projelerimizde ve mevcut projelerimizin geliştirilmesinde görev alacak yazılım mühendisi (veya uzmanı) arıyoruz.     GENEL NİTELİKLER  - Yeniliklere açık, teknolojiler konusunda gelişmeleri takip eden.  - Analitik düşünce kabiliyeti olan.  - Yaratıcı ve dinamik, takım çalışmasına yatkın.  - Sorumluluk sahibi, insiyatif alabilen ve çözüm odaklı çalışan.     ZORUNLU TEKNİK YETKİNLİKLER  "
"Kıdemli ve Junior Yazılım Mühendisleri","İstanbul","İŞ TANIMI  T.C. Sanayi ve Teknoloji Bakanlığı onaylı Ar-Ge Merkezi’ mizin Yazılım Bölümü için Kıdemli ve Junıor Yazılım Mühendisi alınacaktır.Büyüyen yapımızda Akıllı Bina ve Ev Otomasyon Sistemlerinde kullanılacak cihazların yazılımlarını develop edecek  takım arkadaşı aranmaktadır.     * Üniversitelerin ilgili mühendislik bölümlerinden (Bilgisayar Mühendisliği, Yazılım Mühendisliği, Matematik Mühendisliği, Elektrik-Elektronik Mühendisliği, Elektronik Haberleşme Mühendisliği vb.) mezun  * C# ASP.NET, Razor Pages, WebAPI, HTML5,  CSS3, JavaScript ile 5+ yıl yazılım geliştirme tecrübesi olan  *ASP.net Core mimarisi üzerinde cross platform uygulama geliştirme tecrübesi olan  * OOP, Katmanlı mimari, Dependency Injection gibi konseptlerde uzman   * Webapi ve Rest servisleri ile uygulama geliştirmiş  * Linux işletim sistemleri ve Bash scripting konusunda deneyimli  * Linux kernel geliştirme & C ile uygulama geliştirme deneyimi bulunan "
"Yazılım Uzmanı","İstanbul","Autoking, yabancı yatırımcıların da desteğiyle bu bölgedeki büyümesini sağlayan Türkiye'nin en hızlı büyüyen bakım ve onarım şirketidir.  Türkiye, Rusya, Kıbrıs ve Yunanistan gibi ülkelerde 120.000 m2 kapalı tesis ve 54 yüksek teknoloji donanımlı servis merkezinde faaliyet göstermektedir.  Ana hedefimiz, yenilikleri yakalamak, vizyoner bir ekip oluşturmak ve bu ekibe rehberlik etmek için sağlam bir vizyon sağlamak için güçlü bir vizyon getirmeye odaklanmaktır ...     GENEL NİTELİKLER  Bilgisayar Mühendisi, Yazılım Mühendisliği, Matematik Mühendisliği ve ilgili  bölümlerinden muzun, 2-7 yıl .NET teknolojilerini geliştirme ve sürdürme deneyimi olan, İyi derecede İngilizce konuşabilen, İletişim becerileri gelişmiş, analitik düşünebilen, araştırmacı ve sonuç odaklı,  Planlama ve takip etme becerisi kuvvetli,, Tercihen erkek adaylar için askerlik görevini tamamlamış,   "
"Müşteri Destek Uzmanı","İstanbul","İş Açıklaması  Bilin HUMANIST olarak; global anlamda bütün temel ve stratejik İnsan Kaynakları süreçlerini kapsarken, aynı zamanda Türkiye’deki iş sistemleri, yerel uygulamalar ve yasal gereksinimlere uygun çözümler sunmaktayız. Bu doğrultuda büyümekte olan dinamik organizasyonumuz içerisinde Müşteri Destek Uzmanı pozisyonunda takım arkadaşları aramaktayız.     İstenen Yetenek ve Uzmanlıklar  Üniversite mezunu (tercihen Endüstri Mühendisliği, Bilgisayar Mühendisliği, Bilgisayar Programcılığı, Yönetim Bilişim Sistemleri ve dengi bölümlerden mezun) ve/veya yüksek okul mezunu olan(tercihen Bilgisayar Programcılığı) Tercihen Müşteri Desteği ve/veya Danışmanlık konusunda minimum 2 yıl deneyim sahibi olan İnsan kaynaklarının bordro alanında destek hizmeti vermiş Bordro ve yasal mevzuat konularında bilgi sahibi olan Tercihen iyi derecede İngilizce bilen Tercihen Humanist veya diğer insan kaynakları yazılımları hakkında bilgi sahibi olan Tercihen MS SQL, Oracle veri tabanları ile ilgili bilgi sahibi olan İyi derecede MS Office uygulamalarını kullanabilen (Word, Excel, PowerPoint ve Outlook, Project)  İletişim yeteneği gelişmiş, müşteri odaklı düşünce tarzını benimsemiş olan hakim. Analitik düşünce yapısına sahip olan Seyahat engeli olmayan  "
"İş Analitiği Birim Yöneticisi","İstanbul","Veritabanı sorgulama dillerinden herhangi (T-SQL, PL-SQL gibi) üzerinde minimum 3 yıl deneyim sahibi. Visual Studio BI projeleri üzerinde çalışmış (SSIS, SSAS) R, Python ya da MATLAB gibi analitik programlama dilleri üzerinde çalışma yapmış. Regresyon, sınıflandırma, kümeleme ya da optimizasyon gibi matematiksel modelleme üzerinde çalışmış Kavramsal ve Analitik Düşünme yönü güçlü İlişki Yönetimi ve Problem Çözme becerisi kuvvetli Veri düzenleme, hazırlama ve analizi yapabilen Tercihen İyi derecede İngilizce bilen     İŞ TANIMI  Operasyonda yürütülen tekrarlı ve manuel işlerin otomatize edilmesi için gerekli algoritmaların geliştirilmesi. (IT ve Operasyon birimleriyle yakın çalışarak) Operasyonun yönlendirilmesi için akıllı alert sistemlerinin kurulması. Veri analizi ve bunun öncesinde gerekli tüm ön hazırlıkların yapılabilmesi, otomatikleştirilmesi ve bakımı. Diğer birimlerin koordine edilip, yönlendirilmesi ve takip edilmesi (tüm proje işleyişleri için). Merchandising bütçe aracı üzerindeki tüm geliştirmelerin yönetilmesi (veri aktarımı, güncellenmesi, dashboard bakımı, geliştirmeler). Üzerinde çalışılan projelerin dokümantasyonunun yapılıp ve dokümanın güncelliğinin sağlanması. "
"Siber Güvenlik Uzmanı","Ankara"," "
"Görüntü İşleme ve Bil. Görü Tekn. Mühendisi","Ankara"," "
"Sistem Destek Uzmanı","Kocaeli, İstanbul","Horoz Lojistik şirketimizin Gebze - Şekerpınar  Lokasyonu'nda görevlendirilmek üzere,  Üniversitelerin veya Meslek Yüksek Okullarının ilgili bölümlerinden mezun (Bilgisayar Mühendisliği, Bilgisayar Teknolojisi ve Programlama vb.), Minimum 3 yıl iş deneyimi olan, Windows tabanlı kullanıcı işletim sistemleri konularında deneyimli,  Motorola El terminali, barkod yazıcı, Accesspoint konularında tecrübeli, Kamera sistemlerinde bilgili, TCP/IP, WAN, LAN, Switch, Kablolama, Kablosuz Ağ vb. konularda bilgi sahibi, Tercihen İngilizce bilgisine sahip, B sınıfı sürücü belgesi olup aktif araç kullanabilen, Askerlik hizmetini tamamlamış (erkek adaylar için), Tercihen Gebze - Şekerpınar Lokasyonu'na yakın ikamet eden,   ""Sistem Destek Uzmanı"" arıyoruz.    İŞ TANIMI  "
"Zayıf Akım Mühendisi","İstanbul","Adecco Grup, merkezi İsviçre’de, 60’tan fazla ülke ve bölgede yaklaşık 33.000 çalışanı, 5.500 şubesiyle her gün 750.000’in üzerinde kişiye iş imkanı sağlayarak 100.000’in üzerinde firma ile buluşturmaktadır. İnsan kaynakları ve istihdam çözümleri konusunda dünya lideri olan Adecco, global bakış açısı ile lokal ihtiyaçların çözümlenmesinde geniş bilgi birikimini müşterileriyle paylaşmaktadır. Adecco Group bir Fortune 500 firması olup, SIX Swiss Exchange borsasına kotedir.     Danışmanlığı yapmakta olduğumuz sektöründe önde gelen müşterimiz için Türkiye'nin en büyük projelerinde görevlendirilmek üzere ‘Zayıf Akım Mühendisi’ arayışımız mevcuttur.     Üniversitelerin Elektrik, Elektronik veya Bilgisayar Mühendisliği/Teknikerliği bölümlerinden mezun, Zayıf Akım ve Bina Teknolojileri konusunda en az 3 yıl tecrübe sahibi, CCTV, Kartlı Geçiş, Yangın Algılama, Acil Anons vb. sistemlerde kendi sorumluluğunda proje bitirme tecrübesine sahip, MS Office ve AutoCAD programlarını kullanabilen, Tercihen İngilizce bilen,  Ehliyet sahibi ve aktif araç kullanabilen, Raporlama ve iletişim yetenekleri kuvvetli, Temsil yeteneği ve müşteri ilişkileri kuvvetli, Saha ve ekip çalışmasına yatkın, Şirket ve kişisel hedeflerini ortak hedefler olarak yönetebilen, "
"Kurumsal Akademi Operasyon Uzmanı","İstanbul","Görev Tanımı :  Yıllık eğitim planının tüm birimler ile entegre olarak yapılması, Eğitim raporlanmalarının hazırlanması, Kurumsal Akademi bünyesinde yürütülmesinden sorumlu olduğu operasyonların dijitalleştirilmesi ve sürdürülebilirliğinin sağlanması, E-öğrenme faaliyetleri ile ilgili operasyonel süreçlerin yürütülmesi, takip edilmesi , öğrenmenin pekiştirilmesinin analizi ve raporlama işlemlerinin yapılması, Eğitim faaliyetleri ile ilgili iyileştirme / geliştirme ve yalınlaştırma ihtiyaçlarının tespit edilmesi ve eğitim birimleri hedeflerine uygun önerileriler ve metotlar geliştirilmesi,  Genel Nitelikler :   Üniversitelerin Veri Analizi,Süreç Geliştirme ve Sistem Geliştirme ile İlgili bölümlerinden Mezun (Endüstri Mühendisliği,Matematik Mühendisliği,İşletme Mühendisliği, Bilgisayar Mühendisliği, İstatistik, Ekonometri,Sayısal Yöntemler, Vb.) MS Word, MS Excel, MS PowerPoint programlarını iyi düzeyde kullanabilen, Veri Kontrolü, Veri Analizi ve Raporlama becerisi gelişmiş, Dikkatli  ve Öz Disiplini yüksek  İçsel motivasyonu yüksek ve proaktif, Proje Yönetim süreçlerinde görev almış, tercihen Agile Proje Yönetimi yapmış     "
"Yazılım Geliştirme Uzmanı","İstanbul","Arkas Holding şirketlerindenİstanbul Ambarlı bölgesinde yer alan Marport Liman İşletmeleri'nin Bilgi Sistemleri Departmanı'nda görev alacakYazılım Geliştirme Uzmanı aranmaktadır.  Üniversitelerin ilgili mühendislik bölümlerinden mezun, tercihen Bilgisayar Mühendisliği, Yazılım Mühendisliği,  Matematik Mühendisliği, Elektrik-Elektronik Mühendisliği, Uygulama geliştirme alanında minimum 2 yıl tecrübe sahibi, Visual Studio, Net Framework, C#, ASP.NET, .NET CORE, MVC  programlama dillerinde deneyim sahibi, Nesneye yönelik analiz ve tasarım bilgisine sahip, DevExpress kompanentleri ile uygulama geliştirmiş, MSSQL,Oracle gibi veri tabanları ile çalışmış,PL-SQL, T-SQL konusunda tecrübeli, Entity Framework, WCF konuları ile ilgili bilgi sahibi, Tercihen XML(SOAP,REST) teknolojilerinde tecrübeli, Tercihen mobil uygulama (Android, iOS) geliştirmiş, Tercihen Windows Servis uygulaması geliştirmiş, Yazılım geliştirme süreç ve dokümantasyonuna aşina, İngilizce bilgisi olan, Erkek adaylar için askerlikle ilişiği olmayan.   İŞ TANIMI  Liman ve Terminal İşletmeleri Grubu’nun ihtiyaçları doğrultusunda ihtiyaç duyulan uygulamaları geliştirmek, gerekli olduğunda ihtiyaçların analizlerini yapmak,  "
"Proje Mühendisi","Kocaeli"," "
"Yazılım Uzmanı","Bursa"," "
"ERP Proje Yöneticisi","Yalova","Yalova-Altınova bölgesinde Gemi inşa sektöründe faaliyet gösteren firmamız için IFS PROJE VE ERP YÖNETİCİSİ arayışımız bulunmaktadır.     Genel Yetkinlikler  Üniversitelerin Bilgisayar Mühendisliği, Bilgisayar Bilimleri Mühendisliği, Yazılım Mühendisliği veya benzeri bölümlerinden mezun,  Minimum, 3 yıl IFS deneyimi bulunan,  İlişkisel Veritabanı ve Veritabanı modelleme konularına hakim,  Teknik dokümantasyonu takip edebilecek seviyede İngilizce bilgisine sahip,  Analitik düşünce yapısına sahip, sorumluluk bilinci yüksek, takım ruhu içinde çalışabilecek ekip arkadaşı arayışımız bulunmaktadır.     "
"Proje ve Teşvik Uzmanı"," ","GENEL NİTELİKLER  Savunma Sanayi alanında faaliyet gösteren şirketimizin Mühendislik Direktörlüğü bünyesinde yürütülen projelerde çalışmak üzere “Proje ve Teşvik Uzmanı” arayışımız bulunmaktadır.   Üniversitelerin Mühendislik Bölümlerinden yada Fizik Bölümlerinden mezun(tercihen Elektrik-Elektronik Mühendisliği, Bilgisayar Mühendisliği, Fizik Mühendisliği) TÜBİTAK, KOSGEB, Ar-Ge ve Tasarım Merkezleri, Yatırım Teşvikleri ve Ticaret Bakanlığı İhracat destekleri hakkında bilgi sahibi ve en az 2 yıl deneyimli, MS Office programlarını (MS Word, MS Excel, MS Powerpoint) çok iyi derecede kullanabilen, İyi derecede İngilizce bilen,  Araştırmacı, analitik düşünebilen ve iş takibi kuvvetli, Diksiyonu düzgün, sözlü ve yazılı iletişim becerileri güçlü, Yurtiçi, Yurtdışı hiçbir seyahat engeli bulunmayan,  B sınıfı sürücü ehliyeti olan aktif araç kullanabilen,  Teknik konuların yanı sıra idari ve mali alanlarda da kendini geliştirebilecek,  Düzenli, çalışma disiplini yüksek,  Ankara'da ikamet eden, Uzun süreli çalışmak isteyen.    "
"Javascript Geliştirici","İstanbul"," "
"BT Güvenlik Uzmanı","İstanbul","Bilgi Güvenliği Yönetimi konularında tercihen 4 yıl tecrübeli, Web uygulamaları ve sistem altyapısı güvenliği konularına hakim, ISO 27001, COBIT konularında bilgili, IPS, Database Activity Monitoring, Vulnerability Scanning, SIEM ve Password Management ürünleri yönetiminde tecrübe sahibi, İyi düzeyde İngilizce bilen, Tercihen CISSP, CEH veya OSCP sertifika sahibi, Erkek adaylar için askerlik hizmetini tamamlamış.     İŞ TANIMI   Bilgi Teknolojileri Güvenliği yönetim sisteminin işletilmesinde görev almak,  Sistem güvenlik prosedürlerinin oluşturulması ve iyileştirilmesi,  Sistem loglarının izlenmesi ve analizi, güvenlik denetimi, zafiyet analizlerinin yapılması,  "
"Endüstriyel Otomasyon - Mekatronik Öğretmeni","Bursa","Bursa'da bir ilk olan Özel Mesafe Teknoloji Lisemizde görev almak üzere;  Üniversitelerin,  Mekatronik Öğretmenliği, Kontrol Öğretmenliği   bölümlerinden mezun ya da,  Mekatronik Mühendisliği , Kontrol ve Otomasyon Mühendisliği, Kontrol Mühendisliği , Kontrol ve Bilgisayar Mühendisliği bölümlerinden mezun olup alanında yüksek lisans yapmış ya da formasyon almış olan  Eğitim projelerini araştıran, bilimsel gelişmelere açık,  Dinamik çalışma ortamında çalışmak isteyen,  Kendini geliştirmeyi seven, sorumluluk sahibi,  Etkili yazılı ve sözlü iletişim becerisine sahip, diksiyonu düzgün,  Öğrencilerinin gelişime açık yönlerini tespit edip yön veren,  "
"Proje Yazılım Uzmanı","İstanbul"," "
"Proje Uygulama Danışmanı","İstanbul"," "
"İş Analisti","İstanbul"," "
"Yazılım Uzmanı","İstanbul","Web tabanlı yazılım geliştirme projelerinde minimum 4-5 yıl tecrübeli, Net teknolojileri (c#, ASP.Net WebForms & MVC ) konusunda bilgi sahibi, Dağıtık uygulama mimarisinde tecrübe sahibi,  WCF, Web Services, Rest Api konularına hakim, MSSQL Server veritabanında deneyimli, Analitik düşünme ve problem çözme yeteneğine sahip, Yabancı dil olarak ingilizce bilen, Çözüm odaklı, inisiyatif alabilen, sorumluluk sahibi, Literatürü takip edecek düzeyde İngilizce bilen,       Erkek adaylar için askerlik hizmetini tamamlamış, Avrupa yakasında ikamet eden,  “Yazılım Uzmanı” aranmaktadır.     İş Tanımı  WCF, Web Services ve Rest Api servislerinin geliştirme, iyileştirme ve entegrasyonunu yapmak.  "
"Java Yazılım Uzmanı","İstanbul","Üniversitelerin Bilgisayar, Yazılım Mühendisliği bölümlerinden mezun,  Tercihen Restoran Sektöründe yazılım geliştirme yapmış,  Java ile uygulama geliştirme alanında en az 4 yıl deneyimli,  Spring/Spring Boot ve JPA/Hibernate teknolojileriyle uygulama geliştirme konusunda tecrübeli,  Web Servisler, RESTful,Ajax,Jquery,JSON konularında tercrübeli,  HTML5, CSS3 ile uygulama geliştirme konusunda tecrübeli,  Erkek adaylar için askerliğini yapmış olmak,  En az bir orta/büyük ölçekli Java projesinde yazılım mimarisi/geliştirme rolünde görev almış,  MS SQL Server,MySQL veritabanlarında tecrübeli,  Analitik düşünme ve problem çözme yeteneği kuvvetli,  "
"Bilgi Teknolojileri / IT Uzmanı"," "," "
"İş Analisti","İstanbul"," "
"Yazılım Uzmanı","İstanbul","Web tabanlı yazılım geliştirme projelerinde minimum 4-5 yıl tecrübeli, Net teknolojileri (c#, ASP.Net WebForms & MVC ) konusunda bilgi sahibi, Dağıtık uygulama mimarisinde tecrübe sahibi,  WCF, Web Services, Rest Api konularına hakim, MSSQL Server veritabanında deneyimli, Analitik düşünme ve problem çözme yeteneğine sahip, Yabancı dil olarak ingilizce bilen, Çözüm odaklı, inisiyatif alabilen, sorumluluk sahibi, Literatürü takip edecek düzeyde İngilizce bilen,       Erkek adaylar için askerlik hizmetini tamamlamış, Avrupa yakasında ikamet eden,  “Yazılım Uzmanı” aranmaktadır.     İş Tanımı  WCF, Web Services ve Rest Api servislerinin geliştirme, iyileştirme ve entegrasyonunu yapmak.  "
"Test Uzmanı"," "," İŞ TANIMI VE GENEL NİTELİKLER     İş Tanımı  • Hata izleme yazılımlarından en az biri hakkında tecrübe sahibi olmak,  • Selenium WebDriver, Cucumber gibi test planlama ve yönetim araçlarından en az birinde tecrübe sahibi olmak, • Test dokümanı, test planı ve test senaryo dokümanı hazırlama konusunda tecrübe sahibi olmak.        Genel Nitelikler  En az 5 (Beş)  yıl çalışma tecrübesine sahip, "
"Teknik Proje Mühendisi","Ankara","Danışmanlığını yürüttüğümüz Bilişim Sistemleri ve Finans-Yatırım sektöründe faaliyet gösteren müşteri firmamız için''Teknik Proje Yöneticisi''arayışımız mevcuttur.  GENEL NİTELİKLER  Üniversitelerin Endüstri Mühendisliği, İşletme Mühendisliği veya Bilgisayar Mühendisliği bölümlerinden mezun, Donanım ve yazılım kuruluşu yapacak düzeyde, işletim sistemi, network bilgisi olan, Network, sunucu ve ağ yönetimi ile ilgili yeterli teknik bilgisi olan, Yazılım, donanım, kurulum, montaj, konfigürasyon konusunda deneyimli, Son kullanıcı desteğinde deneyimli ve kısa sürede çözüm üretebilen, Gelişime açık, farklı teknolojileri öğrenme konusunda istekli, Analitik düşünme, problem çözme yeteneğine ve sorumluluk bilincine sahip, İletişim becerileri yüksek, çözüm odaklı ve iş takibi yapıp sonuçlandırabilen, Yönetim ve planlama becerisine sahip, Erkek adaylar için askerlik hizmetini tamamlamış, Aktif araç kullanan.     İŞ TANIMI "
"Satış Operasyon Uzmanı","İstanbul"," "
"SAP Finans Uzmanı","Ankara","Türkiye'nin önde gelen üniversitelerinin Bilgisayar Mühendisliği, İşletme Mühendisliği, Endüstri Mühendisliği bölümlerinden birinden mezun,   Aşağıda belirtilen alanlarda olmak üzere en az 5 yıl deneyimli;   SAP FI/CO modül deneyimi olan, Tercihen HR-PS-CO-AA modüllerinde bilgi ve tecrübesi olan, İyi derecede İngilizce bilen, B sınıfı ehliyeti olan ve aktif olarak araç kullanabilen, Seyahat engeli bulunmayan, Erkek adaylar için askerliğini tamamlamış, İletişim becerisi yüksek ve ekip çalışmasına yatkın çalışma arkadaşı aramaktayız.  İŞ TANIMI  Şirketimizde kullanılmakta olan SAP R/3 ERP sistemi FI/CO modüllerinde kullanıcı desteği sağlamak, Yeni modül/süreç devreye alma ve değişiklik projelerini yürütmek, Yeni iş uygulamaları devreye alma projelerine liderlik yapmak, Kullanılmakta olan çeşitli iş uygulamalarına destek sağlamak, Yazılım geliştirme projelerini yüretecek, Uygulamalar arası entegrasyonun sağlanmasından sorumlu olmak, "
"ERP Proje Mühendisi"," ","Canias Troia ve SQL sorgulama dilini bilen, Tercihen Endüstri, Makine, Sistem, Bilgisayar Yazılım veya Bilgisayar Mühendisliği bölümlerinden mezun, Esnek çalışma saatlerinde ve yoğun tempoda çalışabilecek, Gelişmiş iletişim ve sunum becerilerine sahip, insan ilişkilerinde başarılı, Ekip çalışmasına yatkın ve analitik düşünme yeteneği gelişmiş, Literatürü İngilizce izleyebilecek, yazılı ve sözlü iletişim kurabilecek,   Erkek adaylar için askerlik hizmetini tamamlamış, Sürücü belgesi olup aktif araç kullanabilen, Seyahat engeli olmayan, KONYA’da ikamet eden veya edebilecek olan, ERP Projesini sahiplenecek ve uzun vadede bizimle beraber çalışacak takım arkadaşları arıyoruz.    İŞ TANIMI  Bu pozisyon genel olarak CANIAS ERP yazılım projelerinde sistem analizi; kurulum, özel uygulama ve fonksiyonların geliştirilmesi, mevcut verilerinin aktarımı ve kullanıcı eğitimlerinin verilmesi gibi faaliyetlerden sorumlu olacaktır.  Canias Troia uyarlama ve yazılım geliştirme projelerinde yer almak, Mevcut iş süreçlerinin ya da sistem analizlerini yaparak CANIAS ERP uyarlama projesi planını hazırlamak ve takip etmek, Konfigürasyon kurulumları ile fonksiyon testlerini yerine getirmek, "
"SAP Bw Bo Uzmanı","İstanbul","İstanbul Maltepe lokasyonunda bulunan Genel Müdürlüğümüzde, Bilgi işlem bölümümüze bağlı olarak görevlendirilmek üzere""SAP BW /MS POWERBI UZMANI"" arayışımız bulunmaktadır.     GENEL NİTELİKLER  Üniversitelerin tercihen Bilgisayar Mühendisliği, Matematik Mühendisliği bölümlerinden mezun, SAP modüllerinde( BW, BO) veMicrosoft PowerBI alanında minimum 2-3 yıl tecrübeli,  Farklı teknolojileri ve entegrasyonları öğrenme konusunda istekli, Çok iyi seviyede İngilizce bilen,  Analitik düşünebilen, araştırmacı, takım çalışmasına yatkın,  İş takibinde proaktif, dokümantasyon hazırlama ile raporlama konusunda başarılı,   İŞ TANIMI İlgili birimler ve anahtar kullanıcılar ile gereksinim analizleri yaparak, ihtiyaçların belirlenmesi, BW sisteminde ihtiyaçlar kapsamında sorgu oluşturulması, BW ortamındaki ""Info provider"" mevcudunun analiz edilmesi, eksiklerinin belirlenmesi, BW ortamında, periyodik üretilen rapor ve verilerin akış kontrolunun yapılması - monitör edilmesi, aksaklıkları belirleyerek ilgili önlemlerin belirlenmesi "
"Yazılım Geliştirme Uzmanı","İstanbul","İŞ TANIMI  Firmamızın Bilgi Teknolojileri Müdürlüğü'ne bağlı olarakproje ihtiyaçlarına uygun yazılım tasarımının oluşturulması,projedeki modüllerin geliştirilmesi ve sorunların çözülmesi , çalışan uygulamaların sürekliliğinin sağlanması, iç müşteriye destek verilmesi     YETKİNLİKLER  Detay Odaklılık Analitik Düşünebilme Zaman Yönetimi Sonuç Odaklılık Problem Çözme İletişim Takım Çalışması       NİTELİKLER "
"Gömülü Yazılım Mühendisi"," "," "
"Yazılım Uzmanı","İstanbul","Genel Nitelikler:  Üniversitelerin Bilgisayar Mühendisliği, Endüstri Mühendisliği veya ilgili bölümlerinden mezun, Kodlama alanında 3 yıl çalışmış, tercihen kodlama teknolojilerinde tecrübeli olmak, Veritabanları (tercihen SQL Server) ve SQL kodlama dilini biliyor olmak, Ticari Uygulamalar temel işleyiş konularında bilgi birikimine sahip olmak, ASp.Net, VB.Net projelerinde Kod geliştirme ortamına hakim olmak, İletişim yetenekleri güçlü, Ekip çalışmasına yatkın, Başarı odaklı, problem çözümünde yaratıcı ve analitik bakış açısını kullanabilen, Erkek adaylar için askerliğini tamamlamış olmak.     İş Tanımı:     "
".Net Yazılım Mühendisi","İstanbul"," "
"İş Analisti","İstanbul","Aranılan Nitelikler;     Üniversitelerin Bilgisayar Mühendisliği, Endüstri Mühendisliği vb. bölümlerinden mezun Çok iyi derecede İngilizce kullanabilen Yurtdışı seyahat engeli bulunmayan Min. 3 yıl İş Analisti olarak tecrübe sahibi Ms Office programlarını etkin kullanabilen Sıkı teslim tarihlerini, geliştirme standartlarını karşılayabilme Üstün organizasyonel, kişiler arası ve iletişim becerileri     Görev Tanımı;  Sektöründe lider, global müşterimizin iş ihtiyaçlarını izleme, talepleri toplama  , analiz etme, raporlama ve  yazılım ekibine aktarma  Business konularda analizinin yapılıp, iş birimlerini dinleyerek, ihtiyaç analizlerinin gerçekleştirilmesi Tüm üst düzey ihtiyaçların karşılandığının tespiti kapsamında hazırlanacak testler için yazılımcı ve kullanıcılarla birlikte kurumsal standartları kullanarak test prosedürlerini belirlemek, kullanıcı kabulu öncesi kontrol testleri yapıp kullanıcı kabul testlerini koordine etmek ve kabul testi sonuçlarını yayınlamak "
"Yazılım Uzmanı ( Ms Dynamics CRM )","İstanbul","2008 yılından itibaren Müşteri İlişkileri Yönetimi alanından çözümler üreten DENİZ CRM aktif devam eden projelerinde görevlendirmek üzere MS Dynamics CRM alanında en az 2 yıl geliştime tecrübesi bulunan yazılım uzmanı aramaktadır. Adaylarda aranan özellikler;     Tercihen üniversitelerin Bilgisayar Mühendisliği, Yazılım Mühendisliği bölümlerinden mezun  En az 2 yıl MS Dynamics CRM geliştirme tecrübesi.  İyi düzeyde .NET , ASP.NET, C#, HTML, JQUERY, AJAX, Java Script bilgisine sahip,  MS SQL Server ve veritabanı yönetimi tecrübesi  Microsoft Dynamics Platformunda uygulama tasarımı, Workflow, Plugin, Javascript konularında tecrübesi olan  Tercihen İngilizce Bilen  Asp.Net web services, WCF, WEB Api konularında tecrübesi olan,  Tercihen Dynamics AX tecrübesi olan "
"Yazılım Test Mühendisi","Eskişehir","Üniversitelerin Elektrik ve Elektronik Mühendisliği, Bilgisayar Mühendisliği veya ilgili bölümlerinden en az lisans derecesi ile mezun,  Savunma ve havacılık sanayiinde benzer pozisyonda asgari 2 yıl tecrübe,  RTCA/DO-178B/C süreçleri konusunda bilgili ve tecrübe, Test yöntemleri konusunda bilgi ve tecrübe, Yazılım test alanında en az 2 yıl tecrübe, C, C++, Java bilgisi, Python, Perl, Javascript bilgisi, SQL bilgisi, Seri haberleşme protokolleri (RS422, RS485, RS232, ARINC429, Ethernet vb.) hakkında bilgi ve tecrübe, Gereksinim tabanlı test geliştirme tecrübesi, Yazılım doğrulama süreçleri konusunda bilgi ve tecrübe,  Entegrasyon testi, birim test konularında tecrübe,  Test otomatizasyonu ve test altyapısı konularında tecrübe, Tercihen ISTQB Foundation Level test sertifikasına sahip, Takım çalışmasına uygun ve iletişim yeteneği yüksek,  İyi derecede İngilizce bilen,  Analitik düşünebilen ve problem çözme yeteneğine sahip.    "
"Yazılım Geliştirme Uzmanı","İstanbul","Checklas; lastik sektörünün kurumsal kanalında faaliyet gösteren, kendi içinde yazılım departmanı barındıran bir firmadır. Lastik satışı ve satış sonrası hizmetlerinde(depolama, değişim, balans, vale, mobil vb.) sektöre birçok yenilik katmaktadır.  Yeni arkadaşlarımızda aranan teknik özellikler;  Üniversitelerin Bilgisayar Mühendisliği, MIS ,Matematik Mühendisliği ve benzeri bölümlerden mezun, C# / ASP.NET MVC ile ""FRONT-END"" uygulama geliştirmede en az 4 yıl deneyimi bulunan , ASP.NET, MVC, Web Api,  Entity Framework gibi teknolojilere hakim, Javascript, Jquery, Css, Html konularında uzman,  Javascript UI kütüphanelerinden herhangi birinin kullanılmış olması tercih sebebi olacaktır.(Angular, React, Vue)  Genel Özellikler;  Sorumluluk sahibi ve sonuç odaklı, Öğrenmeye açık, Esnek saatlere riayet eden, Bahane üretmeyen sorumluluk sahibi, Kod standartlarına azami dikkat eden, Trende göre değil ihtiyaca göre teknoloji seçen, İşi ihtiyaca göre, eksiksiz Solid prensibine uygun ve CleanCode yazan, "
"Yazılım Geliştirme Sorumlusu","İstanbul","ALARKO Şirketler Topluluğu Holding bünyesinde görev almak üzere aşağıdaki özelliklere sahip  ""YAZILIM GELİŞTİRME SORUMLUSU"" aranmaktadır.    Üniversitelerin Bilgisayar, Elektronik, Matematik Mühendisliği veya Bilgisayar Programcılığı bölümlerinden mezun Büyük ölçekli web uygulamalarının tasarımı ve mimarisi, uygulamaların geliştirilmesi ve  güvenliğinin sağlanması konusunda  deneyim sahibi, Araştırmaya ve kendini geliştirmeye açık, En az 4 yıl ve üzeri tecrübeye sahip, İyi derecede İngilizce bilen, Erkek adaylar için askerlik ile ilişkisi olmayan.  İSTENEN YETENEK VE UZMANLIKLAR  WEB Tabanlı Programlama Php C# Java Asp Java Script XML "
"Süreç Geliştirme ve İş Analisti (Merkez)","İstanbul","Yazılım geliştirme süreçlerinde deneyimli ve proje yönetimi bilgisi olan, SQL Server, T-SQL konularında bilgi sahibi, MS-Office uygulamalarında yetkin (Word, Excel, Access), Organizasyon ve iş takibi becerisine sahip, Düzenli raporlama alışkanlığı olan ve dokümantasyona önem veren, Takım çalışmasına yatkın, analitik düşünme ve problem çözme yeteneğine sahip, Sorumluluk sahibi ve gelişime açık, Etkin zaman yönetimi ile yoğun çalışma temposuna ayak uydurabilen, Etkin iletişim kurabilen, Tercihen Avrupa yakasında oturan, Tercihen iyi derecede İngilizce bilen, Erkek adaylar için askerlik hizmetini tamamlamış, Yurtiçi seyahat engeli olmayan adayların başvurularını beklemekteyiz.    İŞ TANIMI Mevcut Muhasebe, Satınalma, Bilgi İşlem ve Mağaza Operasyon birimlerden gelen süreç geliştirme taleplerinde, ilgili birim ile birebir çalışarak ön analiz çalışmalarını yapmak, sistem eksiklerini saptayarak çözümler aramak, Problem yönetim süreci kapsamında kullanıcılar tarafından iletilen problemleri incelemek, kaynağını tespit etmek ve çözüm için ilgili tüm grupları bilgilendirmek, Projeler, geliştirmeler, iyileştirmeler ve düzeltmeler için gereken analizleri yapmak, en uygun çözümü sağlamak üzere  çalışmaların yapılması ve ilgili dokümanların hazırlanması, "
"Mobil Yazılım Geliştirme Uzmanı"," ","May Siber Teknoloji A.Ş. Ankara ofisinde görevlendirilmek üzere ""Mobil Yazılım Geliştirme Uzmanı"" pozisyonunda takım arkadaşları arayışımız bulunmaktadır.     Genel Nitelikler  Üniversitelerin Bilgisayar Mühendisliği, Elektrik Elektronik Mühendisliği, Matematik Mühendisliği, Yazılım Mühendisliği ve benzeri bölümlerden mezun, Tercihen iOS veya Android platformunda uygulama geliştirme konusunda en az 3 yıl deneyime sahip, Android için native kompleks uygulamalar geliştirmiş,push notification, background service konusunda deneyimli, Java/Kotlin programlama dilinde tecrübeli, SOAP/REST mimarisindeki web servisler, JSON/XML veri alışverişi protokolleri ve Android/iOS networking konularında bilgi sahibi, Git ya da benzeri (Mercurial, SVN vb.) yazılım versiyon sistemi kullanmış,  REST mimarisi ve servisleri konusunda deneyim sahibi,  Object Oriented konsepti ve teknolojileri konusunda bilgi sahibi,  Multi-threading programlama konusunda tecrübe sahibi, Android Studio’da Java/Kotlin veya Xcode’da Swift ve Objective-C (opsiyonel) ile uygulama geliştirmiş,  Carthage, CocoaPods veya Gradle kullanarak yazılım kütüphanelerinden faydalanabilen,  Uygulamaların Google Play veya AppStore’da yayınlaması ile ilgili işlemler konusunda tecrübe sahibi, Nesneye yönelik programlama ve tasarım örüntüleri konularına hakim, "
"Aviyonik Sistem Doğrulama Mühendisi"," ","GENEL NİTELİKLER         Üniversitelerin Elektronik Mühendisliği / Bilgisayar Mühendisliği / Havacılık Mühendisliği veya ilgili bölümlerinden mezun olmak,        Sistem Mühendisliği süreçleri konusunda bilgi ve deneyim sahibi olmak,        Sistem Mühendisliği gereçleri ile ilgili bilgi ve deneyim sahibi olmak,        Aviyonik sistemler konusunda bilgi ve deneyim sahibi olmak,        İyi derecede İngilizce bilmek,        Şahıs Güvenlik Belgesi almaya engeli olmamak,        Erkek adaylar için askerlik görevini tamamlamış ya da uzun süre erteletmiş olmak.  TERCİH NEDENİ OLABİLECEK EK NİTELİKLER         DO-178B/C konusunda bilgi ve deneyim sahibi olmak,        Link-16 standartları (STANAG 5516, MIL-STD-6016), operasyonu, simülatörleri, ağ yönetimi, MIDS terminali konularında tecrübeli       MIL-STD-1553, ARINC 429 ve benzeri aviyonik veri yolu protokolleri hakkında bilgi ve deneyim sahibi olmak,        Test terminolojisine ve test süreçlerine hakim, hata takip ve raporlama araçları konusunda deneyim sahibi olmak,        DOORS, JIRA vb. araçlar konusunda deneyim sahibi olmak.  İŞ TANIMI  "
"Java Yazılım Uzmanı","İstanbul","Şirket bünyemizde görevlendirmek üzere Java Yazılım Uzmanı pozisyonu için aşağıdaki özelliklerde takım arkadaşı arayışımız bulunmaktadır.  * Üniversitelerin Bilgisayar Mühendisliği, Bilgisayar Programcılığı, Yönetim ve Bilişim Sistemleri Mühendisliği, Matematik Mühendisliği ya da Matematik ve ilgili diğer bölümlerinden mezun,  * Java, J2EE ve Web Uygulama Geliştirme teknolojilerinde 1-5 yıl arası deneyime sahip,  * Nesne Yönelimli Tasarım/Programlama konusunda tecrübeli,  * Hibernate, EclipseLink gibi ORM yapılarında tecrübeli,  * JSP /JSF (+ Primefaces)/ JavaScript ve Spring, HTML5, CSS  ile dinamik web uygulaması geliştirme alanında tecrübeli,  * Restful API/SOAP web servis yapıları konusunda yeterli tecrübeye sahip,  * Source kontrol araçlarını kullanmış (SVN, CVS, GIT vs...),  * Spring Boot deneyimi bulunan,  * Temel HTML, CSS, Ajax, JavaScript, JQuery bilgi sahibi,  "
"Mobil Uygulama ve Yazılım Geliştirme Uzmanı","İstanbul"," "
"Kıdemli Yazılım ve Donanım Uzmanı","Ankara","UTEST A.Ş. yapı malzemeleri test cihazları üretimi yapan ve bu konularda teknik destek hizmeti veren imalat ve pazarlama firmasıdır. Firmamız yurtiçi ve yurtdışı pazarda; inşaat firmalarına, özel ve kamu Ar-Ge laboratuvarlarına ve üniversitelere ürün ve hizmet sağlamaktadır.    Sincan 1.Organize Sanayi Bölgesi Sincan-Ankara' daki  fabrikamızda görevlendirilmek üzere Kıdemli Yazılım ve Donanım Uzmanı arıyoruz..   Genel Nitelikler  Üniversitelerin  Bilgisayar Mühendisliği veya Elektronik Mühendisliği bölümlerinden mezun, Gömülü Linux ve Linux ortamlarda uygulama geliştirme deneyimi , Qt Framework tabanlı bir uygulama geliştirmiş olmak. Arayüz tasarımı deneyimi, Ağ iletişim protokolleri hakkında bilgi sahibi, HMI tasarımı ve geliştirme tecrübesi olan, Tercihen endüstriyel kontrol sistemleri ile çalışmış, C++ deneyimi, GIT kullanıyor olmak,  İleri düzeyde yazılı ve sözlü  İngilizce bilen, Sunum becerilerine sahip, Esnek çalışma saatlerine uyum sağlayacak, "
"Yazılım Test Mühendisi","İstanbul","Teknopark İstanbul ofisimizde yer alan AR-GE merkezimizde görevlendirilmek üzere YAZILIM TEST MÜHENDİSİ arayışımız bulunmaktadır.     İŞ TANIMI   Test planlarının oluşturulması Test senaryolarının yazılması Test kombinasyonlarının mantıklı şekilde azaltılması Test Otomasyonu için gerekli kodlamanın yapılması Otomasyona uygun test senaryolarının kodlanması Manuel ve otomasyon testlerinin koşturulması Test sonuçlarının raporlanması Test otomasyon araçlarının kullanılması (Selenium, Katalon, Sikuli, Cucumber, NUnit,Appium,vb.) Güncel test otomasyon araçlarının araştırılması Test tekniklerini kullanarak kara kutu testleri tanımlanması Test tekniklerini kullanarak beyaz kutu testleri tanımlanması  "
"Yazılım Uzmanı","İstanbul","Şirketimiz bünyesinde Bilgi Sistemleri Birim Müdürlüğü’nde görev alacak 'Yazılım Uzmanı' ekip arkadaşı aramaktayız.   Üniversitelerin Bilgisayar Mühendisliği, Yazılım Mühendisliği veya benzeri bölümlerinden mezun, 4 yıl ve üzeri IT tecrübesi olan, Asp.net MVC, C#, WebApi, Entity Framework, MicroORM Dapper, Javascript, JQuery, HTML ve CSS konularına hakim, Oracle PL/SQL veri tabanında tecrübeli, Object Oriented Programming konusunda tecrübeli, Design Patterns ve SOLID prensipleri hakkında bilgi sahibi, Microservis mimariler üzerinde bilgi sahibi, Tercihen .Net Core ve Angular konusunda bilgi sahibi, Teknik doküman takip edecek derecede İngilizce bilen, Tercihen yazılım proje yönetim süreçleri ve çevik metodolojiler (Scrum) konusunda bilgi sahibi, Erkek adaylar için askerlik durumu olmayan, Pozitif, enerjisi yüksek, güler yüzlü adaylar aramaktayız.     İş Tanımı: "
"Yazılım Mühendisi"," ","Odağımızda Büyüme Var...  Dünyanın en büyük yakıt istasyonları ekipmanları üreticilerinden biri olarak sektörün yerel liderliği bize yetmiyor.  Kurulduğundan bu yana Teknolojik ve Yenilikçili çalışmaların odağına koymuş MEPSAN,  25. yılında; Türkiye dahil 10 ülkede pazar lideri, 65'in üzerinde ülkeye ihracat yapan bir Türk markasıdır.  Türkiye yakıt ekipmanları pazarının lider tedarikçisi MEPSAN 60.000 m2'lik üretim tesisi ile faaliyetlerini her yıl büyüterek sürdürüyor.  Çeyrek asır önce yola çıktığı ilk günden bu yana gücünü inovasyon,teknoloji,tasarım ve Ar-Ge'den alan MEPSAN, Türkiye'nin sayılı Ar-Ge merkezlerinden biri olan MEPSAN AR-GE MERKEZİile yenilikçi teknolojiler üretmektedir.  Mühendislik ve teknoloji odaklı yaklaşımımızla ürün geliştirmeden, Satış Sonrası hizmetlere entegre ve hızlı çözümlerimizle ülkemizin her yerinde yakıt yönetimine ihtiyaç duyan herkese ulaşmak istiyoruz.  Sektöründe lider, akaryakıt istasyonları için yenilikçi, teknolojik ürünler üreten ve geliştiren, yurtiçi ve yurtdışına yönelik enerji sektöründe faaliyet gösteren firmamızın, Bilgi Teknolojileri  bünyesinde görev alacak''Yazılım Mühendisi ''takım arkadaşları arıyoruz.  GENEL NİTELİKLER  Üniversite Mezunu, (Tercihen Üniversitelerin Bilgisayar Mühendisliği, Yazılım Mühendisliği, Bilişim Sistemleri Mühendisliği veya Elektrik-Elektronik Mühendisliği bölümlerinden mezun), Yazılım projelerinde (Tercihen ödeme sistemleri, Yazarkasa POS sistemleri ) rol almış ve konusunda en az 3 yıl deneyimi bulunan "
"Java Yazılım Uzmanı","Ankara","·        -En az 4 yıllık eğitim veren fakültelerin Bilgisayar Mühendisliği, Yazılım Mühendisliği, Bilgisayar ve Yazılım Mühendisliği, Yönetim Bilişim Sistemleri, Elektronik Mühendisliği, Endüstri Mühendisliği, Endüstri ve Sistem Mühendisliği, Elektronik ve Haberleşme Mühendisliği bölümlerinden mezun olmak, veya yukarıdaki bölümlere denkliği yetkili makamca onaylanan yabancı okullardan mezun olmak,  ·         -Mezuniyet sonrası en az 3 yılı java ile uygulama geliştirdiğini belgelemek ve en az 5 yıllık iş tecrübesine sahip olmak,  ·         -Java konusunda bilgi ve deneyim sahibi ve web projesi geliştirmiş olmak,  ·         -Web servisler, SOAP, REST, WCF gibi teknolojiler hakkında bilgi sahibi olmak,  ·         -Web teknolojileri (HTML, CSS, Javascript, AJAX, JQuery) konularında çalışmış,  ·         -Yazılım yaşam döngüsü ve güvenli yazılım geliştirme konularında bilgi sahibi olmak,  ·         -Veri tabanı tasarımı, optimizasyon ve performans artırımı konusunda tecrübe sahibi olmak,  ·         -İlişkisel veritabanlarında tecrübe sahibi olmak  ·         -Application Server mimarisinde bilgi sahibi olmak tercihen [Tomcat, Jboss, was,Spring Boot]  ·        - TFS, Git gibi versiyonlama sistemleri hakkında bilgi sahibi olmak  "
"Yazılım Uzmanı","Kocaeli","Devam eden ve yeni projelerimizde Yazılım Uzmanı pozisyonunda görev alacak aşağıdaki niteliklere uygun çalışma arkadaşları arıyoruz.      ·        Üniversitelerin ilgili lisans bölümlerinden mezun (Bilgisayar Mühendisliği, Yazılım Mühendisliği, vb.),  ·        En az 3 yıl ortave büyük çaplı projelerde yazılım geliştirme deneyimine sahip,  ·        Visual Studio .NET (C# ve/veya VB.NET) ve ASP.NET ile uygulama geliştirme tecrübesine sahip,  ·        İlişkisel veritabanı yapısı ve kavramları ile ilgili bilgi ve deneyim sahibi,  ·        MS SQL veritabani ile çalışmış, T/SQL tecrübesine sahip,  ·        XML web servisleri, RESTful servisler ve SOAP tabanlı web servisleri kullanan ve geliştiren,  ·        Kendi kodunu test etme alışkanlığına sahip,  "
"İş Analisti","İstanbul"," "
"Yazılım Mühendisi","İstanbul"," "
"SAP ABAP Uzmanı","İstanbul","Genel Nitelikler:  • Üniversitelerin Bilgisayar Mühendisliği, Matematik Mühendisliği, Yazılım Mühendisliği vb. bölümlerinden mezun,   • ABAP programlama dilinde en az iki yıl deneyimli,  • Smart Forms, SAP Script, BADI, BAPI, User- Exit, Enhancement, Batch Input, Idoc, FC, ALE, EDI, ALV konularında bilgili,  • Tercihen S/4 Hana konusunda bilgi sahibi,  • Tercihen C# veya Java da uygulama geliştirmiş olmak,  • Tercihen eBA iş akışı yönetimi uygulamasında tecrübe sahibi,  • Web Servisleri konusunda bilgi sahibi olmak (SOAP, REST, XML-RPC),  • Object Oriented Programlama metadolojilerine hakim olmak,  • Teknolojik yenilikleri takip eden, öğrenmeye ve geliştirmeye açık, "
"Dijital Teknolojiler ve İş Analitikleri Analisti","İstanbul","SAP BW on HANA ve SAP BusinessObjects alanlarında (tercihen danışman olarak) tecrübesi bulunan, Tercihen SAP Analytics Cloud, QlikView, Tibco Spotfire, Tableau veya Microsoft Power BI gibi yeni nesil iş zekâsı araçları konusunda bilgi sahibi, Veri analizi, veri tabanı tasarımı, sorgu optimizasyonu ve veri tabanı yönetimi araçları konusunda tecrübesi olan, SAP FI, MM, SD, BPC ve HR modüllerinin verisini kullanarak raporlar geliştirmiş, Tercihen ABAP tecrübesi olan, İlgili alanda minimum 7 yıl tecrübe sahibi, Alanındaki teknolojik gelişmeleri takip eden, İç müşteri ihtiyaçları doğrultusunda çözüm üretebilecek, İleri derecede İngilizce bilen, Yurtiçi ve yurtdışı seyahat engeli bulunmayan, Erkek adaylar için askerlik görevini tamamlamış    İŞ TANIMI Üst yönetimin ve iş birimlerinin rapor ve dashboard taleplerinin karşılanması sürecinin uçtan uca (analiz, tasarım, veri entegrasyonu, rapor/dashboard geliştirme, birim test, dokümantasyon) yürütülmesi, Dış kaynakların ve çıktıların sürdürülebilirliği ile kalitesinin yönetimi, Grup şirketlerindeki ilgili birimler ile iletişimin sağlanması, Mevcut yapılar için istenen değişiklik taleplerinin ve bakımlarının gerçekleştirilmesi Aktif rapor envanterinin düzenli olarak bakımının gerçekleştirilmesi, "
"GTech Büyük Veri Akademisi","İstanbul","GTECH BÜYÜK VERİ AKADEMİSİ     Teknoloji dünyasında 20 yıllık tecrübesi ile Büyük Veri, İş Zekası, İleri Analitik gibi alanlarda yetkin ekipleriyle müşterilerine yaratıcı çözümler ve hizmetler sunan GTech geleceğin teknoloji mimarlarının gelişimine destek veriyor.     Ücretsiz sunulan online uygulamalı eğitimleri başarı ile tamamlayın GTech’de kariyer fırsatı yakalayın!     Yeni nesillere verdiği eğitim desteklerine devam eden GTech Büyük Veri Eğitim Programı açıyor. Eğitimi tamamlayan öğrencilere katılım sertifikası verilecek ayrıca yüksek başarı gösterenlere de iş fırsatları sunulacaktır.     Kullanılan Teknolojiler;  "
"İş Zekası Uygulama ve Geliştirme Analisti","İstanbul","   Şirketimizin Satış Destek Grubunda yer alan İş Zekası Araçları ve Raporları Birimi içerisinde iş birimlerinden gelen dataların ve raporlama ihtiyaçlarının karşılanması ve analizinin yapılması , raporlanması süreçlerini yürütmek üzere aşağıdaki niteliklere sahip İş Zekası Uygulama ve Geliştirme Analisti arayışımız bulunmaktadır.     GENEL NİTELİKLER     · Üniversitelerin Bilgisayar Mühendisliği, Elektronik Mühendisliği, Matematik Mühendisliği, Matematik, İstatistik bölümlerinden mezun,  · Veri analizi, veri görselleştirme,  iş zekası ve raporlama  alanlarından birinde en az 3 yıl deneyimli,  · En az bir iş zekası ürünü ile çalışmış (Tercihen Oracle İş Zekası uygulaması OBI 12C tecrübesi olan),  · ETL, ODI bilgisi olan (Tercihen Oracle Data Integrator (ODI) başta olmak üzere ETL / ELT araçları konusunda tecrübeli)  · İyi derecede SQL bilgisi olan,  "
"GTech Veri Teknolojileri Akademisi","İstanbul","GTECH VERİ TEKNOLOJİLERİ AKADEMİSİ     Teknoloji dünyasında 20 yıllık tecrübesi ile İş Zekası, Veri Ambarı, Veritabanı, İleri Analitik, Büyük Veri gibi alanlarda yetkin ekipleri ile müşterilerine yaratıcı çözümler ve hizmetler sunan GTech geleceğin teknoloji mimarlarının gelişimine destek veriyor.     Ücretsiz sunulan online uygulamalı eğitimleri başarı ile tamamlayın GTech’de kariyer fırsatı yakalayın!     Yeni nesillere verdiği eğitim desteklerine devam eden GTech Veri Teknolojileri online eğitim programı açıyor. Eğitimi tamamlayan öğrencilere katılım sertifikası verilecek ayrıca yüksek başarı gösterenlere de iş fırsatları sunulacaktır.     Kullanılan Teknolojiler; "
"Kıdemli Mobil Yazılım Geliştirme Uzmanı","Ankara"," "
"Teknoloji Çözümleri Bölüm Müdürü","İstanbul","Asaş Bilgi Sistemleri Direktörlüğü bünyesinde görev alacak Teknoloji Çözümleri Bölüm Müdürü arayışımız bulunmaktadır.   Adaylardan beklenen kriterler aşağıdaki gibidir:  Üniversitelerin Bilgisayar Mühendisliği, Bilgisayar Programcılığı, Fizik, Matematik, Bilgisayar Teknolojileri bölümlerinden lisans mezunu, Veri tabanı yönetimi, Network, Güvenlik, Yazılım, Sunucu Sistemleri, İşletim Sistemleri, Sanal Sistemler alanlarında 10 yıl tecrübeli, Bilgi işlem departmanlarında min. 5 yıl yöneticilik deneyimine sahip ve ekip yönetme tecrübesi bulunan,  Takım çalışmasına yatkın, iletişimi kuvvetli,  Raporlama ve Dokümantasyon konularında özenli,  ISO 27001 ve diğer Bilgi Güvenliği standartları ve pratikleri konusunda bilgili ve uygulamalarında tecrübe sahibi,  İyi derecede İngilizce dil bilgisine sahip ve aktif olarak konuşabilen,  Erkek adaylar için askerlik ile ilişiği bulunmayan.    "
"Yazılım Test Kıdemli Mühendisi","Ankara","Yazılım bilen (C/C++, Java, Python3, vb.), Test konusunda  bilgi sahibi (tercihen ISTQB FL, ISTQB Advanced Level, ...) Test otomasyonu konusunda tercihen en az 3 yıl tecrübeli, Algoritma ve kombinasyon oluşturma konusunda bilgi sahibi, Test alanında kariyer hedefi bulunan, Güvenli Belgesi'ne sahip olmak için engeli bulunmayan (Tercihen Güvenlik Belgesi'ne sahip), İyi seviyede İngilizce bilen, Analitik düşünebilen, problem çözmeyi seven,  Detaycı, dikkatli, öğrenmeye açık, İletişim becerileri yüksek, Seyahat engeli bulunmayan, Erkek adaylar için; askerlik hizmetini tamamlamış.     İŞ TANIMI:    "
"Yazılım Mühendisi"," ","Odağımızda Büyüme Var...  Dünyanın en büyük yakıt istasyonları ekipmanları üreticilerinden biri olarak sektörün yerel liderliği bize yetmiyor.  Kurulduğundan bu yana Teknolojik ve Yenilikçili çalışmaların odağına koymuş MEPSAN,  25. yılında; Türkiye dahil 10 ülkede pazar lideri, 65'in üzerinde ülkeye ihracat yapan bir Türk markasıdır.  Türkiye yakıt ekipmanları pazarının lider tedarikçisi MEPSAN 60.000 m2'lik üretim tesisi ile faaliyetlerini her yıl büyüterek sürdürüyor.  Çeyrek asır önce yola çıktığı ilk günden bu yana gücünü inovasyon,teknoloji,tasarım ve Ar-Ge'den alan MEPSAN, Türkiye'nin sayılı Ar-Ge merkezlerinden biri olan MEPSAN AR-GE MERKEZİile yenilikçi teknolojiler üretmektedir.  Mühendislik ve teknoloji odaklı yaklaşımımızla ürün geliştirmeden, Satış Sonrası hizmetlere entegre ve hızlı çözümlerimizle ülkemizin her yerinde yakıt yönetimine ihtiyaç duyan herkese ulaşmak istiyoruz.  Sektöründe lider, akaryakıt istasyonları için yenilikçi, teknolojik ürünler üreten ve geliştiren, yurtiçi ve yurtdışına yönelik enerji sektöründe faaliyet gösteren firmamızın, Bilgi Teknolojileri  bünyesinde görev alacak''Yazılım Mühendisi ''takım arkadaşları arıyoruz.  GENEL NİTELİKLER  Üniversite Mezunu, (Tercihen Üniversitelerin Bilgisayar Mühendisliği, Yazılım Mühendisliği, Bilişim Sistemleri Mühendisliği veya Elektrik-Elektronik Mühendisliği bölümlerinden mezun), Yazılım projelerinde (Tercihen ödeme sistemleri, Yazarkasa POS sistemleri ) rol almış ve konusunda en az 3 yıl deneyimi bulunan "
"Java Yazılım Uzmanı","Ankara","·        -En az 4 yıllık eğitim veren fakültelerin Bilgisayar Mühendisliği, Yazılım Mühendisliği, Bilgisayar ve Yazılım Mühendisliği, Yönetim Bilişim Sistemleri, Elektronik Mühendisliği, Endüstri Mühendisliği, Endüstri ve Sistem Mühendisliği, Elektronik ve Haberleşme Mühendisliği bölümlerinden mezun olmak, veya yukarıdaki bölümlere denkliği yetkili makamca onaylanan yabancı okullardan mezun olmak,  ·         -Mezuniyet sonrası en az 3 yılı java ile uygulama geliştirdiğini belgelemek ve en az 5 yıllık iş tecrübesine sahip olmak,  ·         -Java konusunda bilgi ve deneyim sahibi ve web projesi geliştirmiş olmak,  ·         -Web servisler, SOAP, REST, WCF gibi teknolojiler hakkında bilgi sahibi olmak,  ·         -Web teknolojileri (HTML, CSS, Javascript, AJAX, JQuery) konularında çalışmış,  ·         -Yazılım yaşam döngüsü ve güvenli yazılım geliştirme konularında bilgi sahibi olmak,  ·         -Veri tabanı tasarımı, optimizasyon ve performans artırımı konusunda tecrübe sahibi olmak,  ·         -İlişkisel veritabanlarında tecrübe sahibi olmak  ·         -Application Server mimarisinde bilgi sahibi olmak tercihen [Tomcat, Jboss, was,Spring Boot]  ·        - TFS, Git gibi versiyonlama sistemleri hakkında bilgi sahibi olmak  "
"İş Analisti","İstanbul"," "
"Veri Bütünlüğü Teknik Uzmanı","Kırklareli","   Üniversitelerin Elektrik Mühendisliği, Elektronik Mühendisliği, Elektrik-Elektronik Mühendisliği, Bilgisayar Mühendisliği, Mekatronik Mühendisliği bölümlerinden mezun,  SAP PM, PLC, PC, Software, Back-up, Endüstriyel Sensörler ve HMI panel konularına hakim,   İleri seviyede İngilizce bilen,  Analitik düşünme, proaktif davranış sergileme ve etkin problem çözme becerilerine sahip,   Dinamik ve motive takım oyuncusu,  Hedef odaklı,  İletişimi kuvvetli, ekip çalışmasına yatkın.  İŞ TANIMI  "
"Süreç & Proses Geliştirme Yöneticisi","İstanbul","Lastik sektöründe faaliyet göstermekte olan firmamızın Proje Yönetim Ofisi'nde (PYO) görevlendirilmek üzere, aşağıdaki nitelik ve tanıma uygun, Süreç & Proses Geliştirme Yöneticisi arıyoruz;    NİTELİKLER  Üniversitelerin Endüstri Mühendisliği, Bilgisayar Mühendisliği, Matematik Mühendisliği, İşletme Mühendisliği, Yönetim Bilişim Sistemleri vb. teknik bölümlerinden mezun Süreç analizi, geliştirme, modelleme ve kurumsal iş akışları konusunda en az 7 yıl tecrübeli Uçtan uca süreç modelleme projelerinde tam zamanlı çalışmış ve tecrübeli Finansal Uygulamalar, Lojistik Uygulamalar ve İnsan Kaynakları Uygulamalarında süreç bilgisine sahip Yeni teknoloji ve trendlerin, kurum süreçlerinde konumlandırılmasında araştırmacı ve çözüm alternatifi olarak getiren Temel programlama mantığına hakim; Database, table, field, primary key, uniqueness, index, relation, sync/async kavramları konusunda yorum yapabilen Tercihen SQL bilgisi olan MS Office programlarını iyi düzeyde ve etkin kullanabilen İfade, ikna yeteneği ve liderlik vasıfları gelişmiş Analitik, sonuç ve çözüm odaklı, ekip çalışmasında uyumlu ve pratik Kavacık’ta bulunan genel merkezimize ulaşım sorunu olmayan     İŞ TANIMI "
"Süreç & Proses Geliştirme Uzmanı","İstanbul","Lastik sektöründe faaliyet göstermekte olan firmamızın Proje Yönetim Ofisi (PYO) görevlendirilmek üzere, aşağıdaki nitelik ve tanıma uygun,Süreç & Proses Geliştirme Uzmanıarıyoruz;   NİTELİKLER  Üniversitelerin Endüstri Mühendisliği, Bilgisayar Mühendisliği, Matematik Mühendisliği, İşletme Mühendisliği, Yönetim Bilişim Sistemleri vb. teknik bölümlerinden mezun Süreç analizi, geliştirme, modelleme ve kurumsal iş akışları konusunda en az 3 yıl tecrübeli Uçtan uca süreç modelleme projelerinde tam zamanlı çalışmış ve tecrübeli Finansal Uygulamalar, Lojistik Uygulamalar ve İnsan Kaynakları Uygulamalarında süreç bilgisine sahip Yeni teknoloji ve trendlerin, kurum süreçlerinde konumlandırılmasında araştırmacı ve çözüm alternatifi olarak getiren Temel programlama mantığına hakim; Database, table, field, primary key, uniqueness, index, relation, sync/async kavramları konusunda yorum yapabilen Tercihen SQL bilgisi olan MS Office programlarını iyi düzeyde ve etkin kullanabilen İfade, ikna yeteneği ve liderlik vasıfları gelişmiş Analitik, sonuç ve çözüm odaklı, ekip çalışmasında uyumlu ve pratik Kavacık’ta bulunan genel merkezimize ulaşım sorunu olmayan     İŞ TANIMI  "
"Yazılım Test Mühendisi","Ankara","Yazılım test mühendisliği konusunda kendisini geliştirmeye istekli takım arkadaşları arıyoruz.      Başvurular 3 kategoride değerlendirilecektir:  0-2 yıl tecrübeli test mühendisi  2-5 yıl tecrübeli kıdemli test mühendisi  5+ yıl tecrübeli uzman test mühendisi  Üniversitelerin  Bilgisayar Mühendisliği, Yazılım Mühendisliği, Elektrik Elektronik Mühendisliği ve ilgili diğer teknik bölümlerinden mezun CMMI for Development, MIL-STD, ISO 12207 model ve standartlarında bilgi ve tecrübe sahibi,  Yazılım test süreçleri ve metotları konusunda tecrübe sahibi Test betikleri yazabilecek derecede kodlama tecrübesi olan Araştırmaya meraklı, yenilikçi Çok kültürlü çalışma ortamlarına çabuk adapte olup, etkin çalışabilen "
"Yazılım Mühendisi","İstanbul"," "
"SAP ABAP Uzmanı","İstanbul","Genel Nitelikler:  • Üniversitelerin Bilgisayar Mühendisliği, Matematik Mühendisliği, Yazılım Mühendisliği vb. bölümlerinden mezun,   • ABAP programlama dilinde en az iki yıl deneyimli,  • Smart Forms, SAP Script, BADI, BAPI, User- Exit, Enhancement, Batch Input, Idoc, FC, ALE, EDI, ALV konularında bilgili,  • Tercihen S/4 Hana konusunda bilgi sahibi,  • Tercihen C# veya Java da uygulama geliştirmiş olmak,  • Tercihen eBA iş akışı yönetimi uygulamasında tecrübe sahibi,  • Web Servisleri konusunda bilgi sahibi olmak (SOAP, REST, XML-RPC),  • Object Oriented Programlama metadolojilerine hakim olmak,  • Teknolojik yenilikleri takip eden, öğrenmeye ve geliştirmeye açık, "
"Dijital Teknolojiler ve İş Analitikleri Analisti","İstanbul","SAP BW on HANA ve SAP BusinessObjects alanlarında (tercihen danışman olarak) tecrübesi bulunan, Tercihen SAP Analytics Cloud, QlikView, Tibco Spotfire, Tableau veya Microsoft Power BI gibi yeni nesil iş zekâsı araçları konusunda bilgi sahibi, Veri analizi, veri tabanı tasarımı, sorgu optimizasyonu ve veri tabanı yönetimi araçları konusunda tecrübesi olan, SAP FI, MM, SD, BPC ve HR modüllerinin verisini kullanarak raporlar geliştirmiş, Tercihen ABAP tecrübesi olan, İlgili alanda minimum 7 yıl tecrübe sahibi, Alanındaki teknolojik gelişmeleri takip eden, İç müşteri ihtiyaçları doğrultusunda çözüm üretebilecek, İleri derecede İngilizce bilen, Yurtiçi ve yurtdışı seyahat engeli bulunmayan, Erkek adaylar için askerlik görevini tamamlamış    İŞ TANIMI Üst yönetimin ve iş birimlerinin rapor ve dashboard taleplerinin karşılanması sürecinin uçtan uca (analiz, tasarım, veri entegrasyonu, rapor/dashboard geliştirme, birim test, dokümantasyon) yürütülmesi, Dış kaynakların ve çıktıların sürdürülebilirliği ile kalitesinin yönetimi, Grup şirketlerindeki ilgili birimler ile iletişimin sağlanması, Mevcut yapılar için istenen değişiklik taleplerinin ve bakımlarının gerçekleştirilmesi Aktif rapor envanterinin düzenli olarak bakımının gerçekleştirilmesi, "
"Software Specialist","İstanbul","GENEL NİTELİKLER VE İŞ TANIMI  ·         Yazılım sektöründe uzmanlaşmış genç ve dinamik bir kadro ile kurulan DataLiva Bilişim Hizmetleri A.Ş. “Kurumsal Performans Yönetim (CPM)”, “İş Zekası ve Raporlama” ve “Yapay Zeka Veri Analizi” sektörün ihtiyaçlarına yönelik en güçlü yazılımları geliştirerek, en doğru çözümleri minimum sürede vermeyi kendine hedef edinmiştir.  ·         LivaBudget & LivaClick.      Üniversitelerin, Bilgisayar Mühendisliği, Yazılım Mühendisliği, Matematik Mühendisliği,  Benzer pozisyonda en az 4 yıllık iş deneyimine sahip,  Web tabanlı uygulamalarda deneyim sahibi,  Microsoft SQL veritabanı konularında tecrübeli,  C# ve ASP.NET MVC, Web API konusunda tecrübeli,  C# ve ASP.NET Core MVC konusunda tecrübeli,  "
"İş Zekası Uygulama ve Geliştirme Analisti","İstanbul","   Şirketimizin Satış Destek Grubunda yer alan İş Zekası Araçları ve Raporları Birimi içerisinde iş birimlerinden gelen dataların ve raporlama ihtiyaçlarının karşılanması ve analizinin yapılması , raporlanması süreçlerini yürütmek üzere aşağıdaki niteliklere sahip İş Zekası Uygulama ve Geliştirme Analisti arayışımız bulunmaktadır.     GENEL NİTELİKLER     · Üniversitelerin Bilgisayar Mühendisliği, Elektronik Mühendisliği, Matematik Mühendisliği, Matematik, İstatistik bölümlerinden mezun,  · Veri analizi, veri görselleştirme,  iş zekası ve raporlama  alanlarından birinde en az 3 yıl deneyimli,  · En az bir iş zekası ürünü ile çalışmış (Tercihen Oracle İş Zekası uygulaması OBI 12C tecrübesi olan),  · ETL, ODI bilgisi olan (Tercihen Oracle Data Integrator (ODI) başta olmak üzere ETL / ELT araçları konusunda tecrübeli)  · İyi derecede SQL bilgisi olan,  "
"GTech Büyük Veri Akademisi","İstanbul","GTECH BÜYÜK VERİ AKADEMİSİ     Teknoloji dünyasında 20 yıllık tecrübesi ile Büyük Veri, İş Zekası, İleri Analitik gibi alanlarda yetkin ekipleriyle müşterilerine yaratıcı çözümler ve hizmetler sunan GTech geleceğin teknoloji mimarlarının gelişimine destek veriyor.     Ücretsiz sunulan online uygulamalı eğitimleri başarı ile tamamlayın GTech’de kariyer fırsatı yakalayın!     Yeni nesillere verdiği eğitim desteklerine devam eden GTech Büyük Veri Eğitim Programı açıyor. Eğitimi tamamlayan öğrencilere katılım sertifikası verilecek ayrıca yüksek başarı gösterenlere de iş fırsatları sunulacaktır.     Kullanılan Teknolojiler;  "
"GTech Veri Teknolojileri Akademisi","İstanbul","GTECH VERİ TEKNOLOJİLERİ AKADEMİSİ     Teknoloji dünyasında 20 yıllık tecrübesi ile İş Zekası, Veri Ambarı, Veritabanı, İleri Analitik, Büyük Veri gibi alanlarda yetkin ekipleri ile müşterilerine yaratıcı çözümler ve hizmetler sunan GTech geleceğin teknoloji mimarlarının gelişimine destek veriyor.     Ücretsiz sunulan online uygulamalı eğitimleri başarı ile tamamlayın GTech’de kariyer fırsatı yakalayın!     Yeni nesillere verdiği eğitim desteklerine devam eden GTech Veri Teknolojileri online eğitim programı açıyor. Eğitimi tamamlayan öğrencilere katılım sertifikası verilecek ayrıca yüksek başarı gösterenlere de iş fırsatları sunulacaktır.     Kullanılan Teknolojiler; "
"Veri Analitiği ve İş Zekası Uzman Yardımcısı","İstanbul","Takımımızın İnci'si olmak ister misiniz?  Karaca Şirketler Grubu Teknoloji Şirketi M.A.R.S. Teknoloji'nin İstanbul Üniversitesi Avcılar Teknokent yerleşkesinde görev alacak;  Üniversitelerin Bilgisayar Mühendisliği, Matematik Mühendisliği, İşletme Mühendisliği ya da İstatistik bölümlerinden mezun,  Microsoft  SSIS, SSAS, SSRS, Power BI bilgisi olan, Tercihen ERP ve CRM bilgisi olan, Yeni teknolojileri öğrenmeye hevesli, araştırmacı,  Analitik düşünce yeteneğine sahip, çözüm odaklı,  İyi derecede İngilizce bilen,  Avrupa yakasında ikamet eden, Erkek adaylar için askerlik hizmetini tamamlamış.     ''Veri Analitiği ve İş Zekası Uzman Yardımcısı'' arayışımız bulunmaktadır.    "
"Kıdemli Mobil Yazılım Geliştirme Uzmanı","Ankara"," "
"Servis Yönetimi Ekip Lideri (Msp/Mssp/Itsm)","İstanbul","Danışmanlığını yürütmekte olduğumuz, Bilgi Teknolojileri ve Siber Güvenlik alanlarında faaliyet gösteren firmamız için aşağıdaki nitelik ve yetkinliklere sahip Servis Yönetimi Ekip Lideri (MSP/MSSP/ITSM), arayışımız bulunmaktadır.      GENEL NİTELİKLER  Üniversitelerin Bilgisayar Mühendisliği, Bilgisayar Bilimleri, Yönetim Bilişim Sistemleri, Elektrik Elektronik Mühendisliği ve benzeri Lisans bölümlerinden mezun, Bilgi Teknolojileri Hizmet Yönetimi/ITSM ve ITIL konusunda bilgili ve tecrübeli. Tercihen ITIL ve/veya COBIT sertifikalarına sahip, Bilgi Teknolojileri ve Siber Güvenlik çözümleri üzerine Üretici, Operasyon Merkezi veya Sistem Entegratörü faaliyetlerini yürüten firmalarda, Teknik Destek ve/veya Hizmet Yönetimi alanında en az 3 yıl sektör tecrübesi sahibi, Sistem ve Network Güvenliği Yönetimi konusunda bilgi ve tecrübe sahibi, Fortinet, Fortigate veya benzer NGFW ve güvenlik çözümleri konusunda bilgi sahibi. Tercihen NSE 4 ve üzeri sertifikalara sahip, Tercihen Microsoft Exchange/Office 365/Microsoft 365 projeleri ile Veri Merkezi ve Bulut Hizmetleri konusunda bilgi ve tecrübe sahibi, Bilgi Teknolojileri Proje Takibi, Koordinasyonu veya Yönetimi konularında bilgili ve tecrübeli, Analitik düşünce ve problem çözme yetkinlikleri ile sonuç odaklı çalışabilen, Ekip çalışmasına yatkın, kişisel gelişimine önem veren ve yeni teknolojileri yakından takip edebilen, Erkek adaylar için askerlik ile ilişiği bulunmayan, İyi derecede İngilizce bilen, B Sınıfı ehliyet sahibi ve seyahat engeli bulunmayan. "
"Yazılım Geliştirme Uzmanı"," ","İleri seviyede C#, Asp.Net, Asp.Net Core, Asp.Net Core Web Api, JavaScript, Ajax, MVC tecrübeye sahip, Şirket için geliştirmekte olduğumuz projemizde React ve Mobx kullanabilecek bilgiye sahip, tecihen Kendo UI ile geliştirme yapmış. T-SQL ve MS-SQL yönetimi hakkında tecrübeli, Entity Framework, katmanlı mimari hakkında tecrübeli, Tecihen Wordpress, hosting ve iis yönetimi hakkında bilgi sahibi, Temel seviyede network hakkında bilgisine sahip,  Tercihen Call Center (ACD/IVR/CTI/Dialer) tecrübesine sahip, Literatürü takip edebilecek seviyede ingilizce bilgisine sahip, En az 2 yıl yazılım geliştirme tecrübesi olan, İletişimi kuvvetli,özgüveni ve çalışma disiplini yüksek,sorumluluk alabilen ve sonuç odaklı, İş kalitesini ön planda tutarak hedef odaklı çalışabilen,  Esnek çalışma saatlerine uygun,       İŞ TANIMI  Net Call Center yönetim,idari birimlerinin ve operasyonların yürüttükleri hizmet süreçlerinde gereksinim duyulan bilgisayar programlarının,  yazılımların ve otomasyon çözümlerini projelendirmek yoluyla bilişim desteği sunmak görev kapsamındadır. "
"Yazılım Destek Uzmanı"," ","1992'den bu yana, bilinen markaların, saha satış verilerine oluştuğu anda ulaşmalarını, Satış, Lojistik ve Servis süreçlerini yönetmelerini sağlayan teknolojik çözümler sunan firmamızın, Yazılım Destek ekibinde görev almak üzere YAZILIM DESTEK UZMANI aramaktayız.   Bilgisayar / Yazılım / Endüstri Mühendisliği, Bilgisayar Teknolojileri Öğretmenliği, Matematik, İstatistik, Bilgisayar Programcılığı veya ilgili teknik bölümlerden mezun Yazılım ve yazılım destek alanında en az 1 yıl deneyimli MS Sql Veritabanına hakim, işletim sistemi ve Muhasebe yazılımları bilgisi olan Tercihen İngilizce bilen Müşteri memnuniyetine önem veren, dinamik ve çözüm odaklı çalışan İletişim becerileri gelişmiş Yurtiçi seyahat engeli olmayan Erkek adaylar için askerliğini yapmış olan ya da askerliği en az 2 yıl tecilli olan    İŞ TANIMI  Müşterilerimizin kullandığı yazılımlarımızda  Müşteri ve rut tanımlama Saha Elemanı tanımlama Ürün Tanımlama "
"Rusça Bilen Yazılım Destek Uzmanı"," ","  Bilgisayar / Yazılım / Endüstri Mühendisliği, Bilgisayar Teknolojileri Öğretmenliği, Matematik, İstatistik, Bilgisayar Programcılığı veya ilgili teknik bölümlerden mezun Yazılım ve yazılım destek alanında en az 1 yıl deneyimli MS Sql Veritabanına hakim, işletim sistemi ve Muhasebe yazılımları bilgisi olan İyi derecede Rusça bilen Tercihen İngilizce bilgisi olan Müşteri memnuniyetine önem veren, dinamik ve çözüm odaklı çalışan İletişim becerileri gelişmiş Yurtiçi ve Yurtdışı seyahat engeli olmayan Erkek adaylar için askerliğini yapmış ya da askerliği en az 2 yıl tecilli olan    İŞ TANIMI Özellikle Rusya ve Türki Cumhuriyetler pazarında faaliyet gösteren müşterilerimizin kullandığı yazılımlarımızda Müşteri ve rut tanımlama Saha Elemanı tanımlama Ürün Tanımlama Sabit ve Dinamik Raporlar altındaki raporlar ile raporlama yapılması Sahada çalışan müşterilerimize yazılımımız ile ilgili destek verilmesi  "
"Aviyonik Yazılım Doğrulama Mühendisi"," ","GENEL NİTELİKLER        Üniversitelerin Elektronik Mühendisliği / Bilgisayar Mühendisliği bölümlerinden mezun olmak,       İyi derecede C/C++ bilmek,       Bilgisayar Destekli Yazılım Mühendisliği gereçleri ile ilgili bilgi ve deneyim sahibi olmak,       Yazılım Doğrulama süreçleri konusunda bilgi ve deneyim sahibi olmak,       İyi derecede İngilizce bilmek       Şahıs Güvenlik Belgesi almaya engeli olmamak,       Erkek adaylar için askerlik görevini tamamlamış ya da uzun süre erteletmiş olmak.  TERCİH NEDENİ OLABİLECEK NİTELİKLER        DO-178B/C konusunda bilgi ve deneyim sahibi olmak,       Gerçek zamanlı işletim sistemleri ve gömülü yazılım alanında deneyim sahibi olmak,             MIL-STD-1553, ARINC 429 ve benzeri aviyonik veri yolu protokolleri hakkında bilgi ve deneyim sahibi olmak.  İŞ TANIMI  Aviyonik yazılımların doğrulanması amacıyla; Yazılım gereksinimlerinin gözden geçirilmesi, "
"Aviyonik Yazılım Geliştirme Mühendisi"," ","GENEL NİTELİKLER        Üniversitelerin Elektronik Mühendisliği / Bilgisayar Mühendisliği bölümlerinden mezun olmak,       İyi derecede C/C++ bilmek,       Bilgisayar Destekli Yazılım Mühendisliği gereçleri ile ilgili bilgi ve deneyim sahibi olmak,       Yazılım Geliştirme süreçleri konusunda bilgi sahibi olmak,       İyi derecede İngilizce bilmek       Şahıs Güvenlik Belgesi almaya engeli olmamak       Erkek adaylar için askerlik görevini tamamlamış ya da uzun süre erteletmiş olmak.  TERCİH NEDENİ OLABİLECEK NİTELİKLER        DO-178B/C konusunda bilgi ve deneyim sahibi olmak,       Gerçek zamanlı işletim sistemleri ile gömülü yazılım alanında deneyim sahibi olmak,       MIL-STD-1553, ARINC 429 ve benzeri aviyonik veri yolu protokolleri hakkında bilgi ve deneyim sahibi olmak,      Coğrafi Bilgi Sistemleri uygulamaları hakkında bilgi sahibi olmak,      OpenGL ile yazılım geliştirmiş olmak.  İŞ TANIMI   "
"Sızma Testi Uzmanı","Ankara","Sızma Testi Uzmanı    Üniversitelerin Bilgisayar Mühendisliği, Elektrik-Elektronik Mühendisliği, Bilişim Sistemleri vb. bölümlerinden mezun olmak,  Siber Güvenlik alanında en az 1 yıl tecrübe sahibi,  Kuruluşların Siber Güvenlik seviyelerindeki uyumu tespit etmek üzere denetimlerde bulunmuş, Siber Güvenliğin yönetimsel, fiziksel ve teknik perspektiflerine hâkim,  Güvenlik teknolojilerinin seçimi, uygulanması ve yönetimi hakkında deneyim sahibi,  Tercihen TSE Sızma Testi Sertifikası, CEH, OSCP, GPEN, LPT gibi sertfikalardan en az birine sahip olan veya muhadili olan başka bir sertifikaya sahip olan, Proaktif,  Siber Güvenlik gereksinimlerinin tespitinde tecrübe sahibi,  Microsoft Windows sunucu ürünleri/servisleri (Aktif dizin, DHCP, DNS, Exchange, vs)hakkında tecrübe sahibi olan,  Kali, Metasploit, Nmap, Nessus, Burp Suite, sqlmap vb. güvenlik araçlarında deneyim sahibi olan,  Literatürü takip edebilecek düzeyde İngilizce dil bilgisine sahip olan,  Web ve mobil uygulama sızma testlerinin gerçekleşmesinde rol almak,  Elde edilen test bulgularının değerlendirmesini ve raporlamasını yapmak,  Yeni güvenlik çözümlerini araştırmak ve uygulamaya alınmasını sağlamak,  İletişim becerisi yüksek,  Planlama ve koordinasyon becerileri gelişmiş,  Ekip çalışmasına yatkın ve sonuç odaklı çalışabilen,  Seyahat engeli olmayan,  "
"ERP(Nebim)Sorumlusu","Ankara","1982 yılından bu yana yurt içinde 300’e yakın satış noktası, yurt dışında ise 25 ülkede 60’a yakın satış noktası ile tekstil sektöründe Türkiye’yi temsil etmeye devam eden KAYRA her geçen gün büyümeye devam ediyor. KAYRA, Türkiye’nin en hızlı büyüyen 22. şirketi olarak ""Türkiye 100"" ödülünü alan, sosyal medyada 5 milyonun üzerinde takipçi sayısı ile tüm sektörler içerisinde 2. Sırada bulunan ve moda sektöründe en çok takipçisi olan 1. markadır. Modanın kalbinde bulunmak isteyen yeteneklerle çalışmak ve birlikte büyümeye devam etmek istiyoruz.  ‘’KAYRA ‘ DA KARİYER ‘’ yapmak isterseniz sizinle tanışmaktan mutluluk duyarız.   Aşağıda yer alan genel nitelik ve iş tanımına uygun ERP (Nebim) Sorumlusu aramaktayız     GENEL NİTELİKLER  Üniversitelerin Bilgisayar Mühendisliği, Endüstri Mühendisliği veya ilgili bölümlerinden mezun Nebim V3 ve Üretim Programlarına hakim İyi düzeyde SQL bilgisine sahip Mağazada kullanılan POS cihazlarına hakim İletişimi kuvvetli, pozitif, güler yüzlü, Ekip çalışmasına yatkın, yenilikçi ve çözüm odaklı, Düzenli ve planlı çalışan Yoğun iş temposuna ve esnek çalışma saatlerine uyum gösterebilecek, "
"AR Yazılım Mühendisi"," ","BİTES HAKKINDA     2001 yılında kurulan ve 2019 yılından itibaren ASELSAN iştiraki olan BİTES Savunma ve Havacılık, 200'ü aşkın uzman kadrosu ile milli ve yüksek teknoloji odaklı bir savunma sanayi şirketi olarak ülkemize hizmet etmektedir.  BİTES, artırılmış gerçeklik, yapay zeka, derin öğrenme, görüntü ve sinyal işleme gibi teknoloji alanlarında yurtiçi ve yurtdışı ar-ge çalışmaları yürütmektedir. BİTES, çalışmalarını Ankara Eskişehir Yolu üzerindeki ODTÜ Bilişim ve İnovasyon Merkezi’nde sürdürmektedir. Ayrıca eğitim ve simülasyon teknolojileri, komuta kontrol ve bilgi sistemleri faaliyet alanında askeri sistemler için çözümler sağlamaktadır.   İnovatif fikirlere değer verilen ve sürekli gelişime açık yapıya sahip olan şirketimizde;   Savunma Projeleri kapsamında görevlendirmek üzere “AR Yazılım Mühendisi” çalışma arkadaşları aramaktayız.      NİTELİKLER  Üniversitelerin Bilgisayar Mühendisliği, Elektrik-Elektronik Mühendisliği veya ilgili bölümlerinden mezun, En az 3 yıl yazılım geliştirme konusunda deneyimli, C# programlama dilinde deneyimli, "
".Net Developer","İstanbul","Genel Özellikler   Kurumsal uygulamalar geliştirme konusunda 3 yıl deneyimli ve referans olarak en az 2 proje gösterebilecek,  Proje ihtiyaçlarına uygun yazılım mimarisini oluşturabilecek ve sorumluluk üstlenebilecek,  Projedeki modüllerin geliştirmesi ya da sorunların çözümü ile ilgili olarak gerçekçi süreler belirleyebilecek ve  bunlara uyabilecek, Analitik yönü güçlü,  Detay odaklı çalışabilen,  Çalışan uygulamaların sürekliliğini ve desteğini sağlayacak,  Teknik literatürü takip edebilecek seviyede İngilizce bilgisi olan,     Teknik Nitelikler  .NET Teknolojilerinde  3-4 yıl deneyim. ( C# , .NET Framework , .NET Core  )  MS SQL Server ve  veritabanı tasarımı konusunda tecrübe sahibi  HTML5, CSS (+Bootstrap) ve Javascript konularında bilgi sahibi  RestFul Web Servisler geliştirme konusunda tecrübeli (WebApi)   "
"Yazılım Mühendisi"," ","BİTES HAKKINDA   2001 yılında kurulan ve 2019 yılından itibaren ASELSAN iştiraki olan BİTES Savunma ve Havacılık, 200'ü aşkın uzman kadrosu ile milli ve yüksek teknoloji odaklı bir savunma sanayi şirketi olarak ülkemize hizmet etmektedir.   BİTES, artırılmış gerçeklik, yapay zeka, derin öğrenme, görüntü ve sinyal işleme gibi teknoloji alanlarında yurtiçi ve yurtdışı ar-ge çalışmaları yürütmektedir.   BİTES, çalışmalarını Ankara Eskişehir Yolu üzerindeki ODTÜ Bilişim ve İnovasyon Merkezi’nde sürdürmektedir. Ayrıca eğitim ve simülasyon teknolojileri, komuta kontrol ve bilgi sistemleri faaliyet alanında askeri sistemler için çözümler sağlamaktadır.   İnovatif fikirlere değer verilen ve sürekli gelişime açık yapıya sahip olan şirketimizde;   Savunma Projeleri kapsamında görevlendirmek üzere‘Yazılım Mühendisi’ çalışma arkadaşları aramaktayız.      NİTELİKLER  Üniversitelerin Bilgisayar Mühendisliği veya Elektronik Mühendisliği bölümlerinden mezun,  C, C++ ve benzeri programlama dillerinde deneyimli, Veri yapılarına (Data Structures) hakim, "
"Simülasyon Yazılım Mühendisi"," ","BİTES HAKKINDA   2001 yılında kurulan ve 2019 yılından itibaren ASELSAN iştiraki olan BİTES Savunma ve Havacılık, 150 kişilik uzman kadrosu ile milli ve yüksek teknoloji odaklı bir savunma sanayi şirketi olarak ülkemize hizmet etmektedir.  BİTES, artırılmış gerçeklik, yapay zeka, derin öğrenme, görüntü ve sinyal işleme gibi teknoloji alanlarında yurtiçi ve yurtdışı ar-ge çalışmaları yürütmektedir. BİTES, çalışmalarını Ankara Eskişehir Yolu üzerindeki ODTÜ Bilişim ve İnovasyon Merkezi’nde sürdürmektedir. Ayrıca eğitim ve simülasyon teknolojileri, komuta kontrol ve bilgi sistemleri faaliyet alanında askeri sistemler için çözümler sağlamaktadır.  İnovatif fikirlere değer verilen ve sürekli gelişime açık yapıya sahip olan şirketimizde,  Savunma Sanayine yönelik projelerimizde görevlendirmek üzere aşağıdaki niteliklerde‘Simülasyon Yazılım Mühendisi’çalışma arkadaşı aramaktayız.     NİTELİKLER  Üniversitelerin Bilgisayar Mühendisliği, Elektrik-Elektronik Mühendisliği veya ilgili bölümlerinden mezun, C / C++ / C# Programlama Dillerinde deneyimli, Yazılım Geliştirme Süreçleri ile ilgili bilgi ve deneyim sahibi, Kişi Güvenlik Belgesi almaya engel bir durumu olmayan, İleri düzeyde İngilizce bilen, "
"İş Analizi Kıdemli Uzmanı","İstanbul","   Türkiye’nin dört bir yanına ve dünyanın 227 ülkesine ‘önem’ taşıyan Aras Kargo, 41 yıldır müşterilerine, paydaşlarına ve ülke ekonomisine katma değer sağlamak için çalışıyor. Mutluluğa adanmış gücüyle ve hizmetleriyle fark yaratan Aras Kargo, teknoloji ve güçlü insan kaynağını birleştiren yenilikçi iş modeliyle, sektöründe ilk tercih edilen marka olmak için çalışmalarını sürdürüyor. Kargo sektörünün lideri Aras Kargo bugün, müşteri memnuniyeti odaklı 13 Bölge Müdürlüğü, 29 Transfer Merkezi, 900 şube, 4000'den fazla araç filosu ve 14000 kişilik uzman kadrosuyla; her ay 12 milyon kişi, kurum ve kuruluşa hizmet veriyor.       Sen de bu geniş aileye katılmak istiyorsan, Genel Müdürlük İş Analizi Kıdemli Uzmanı pozisyonunda görev alacak çalışma arkadaşı arıyoruz.    Üniversitelerin Bilgisayar Mühendisliği veya Endüstri Mühendisliği bölümlerinden mezun, İş analizi, iş süreçleri dokümantasyonu, süreç analizi, test ve kabul senaryoları hazırlama ve test etme konularında minimum 5 yıl tecrübeli, Süreç analizi, gereksinim belirleme, analiz dökümantasyonu hazirlama ve test senaryoları hazırlama konularında deneyim sahibi, İyi Derecede İngilizce bilen, SQL hakkında bilgi sahibi, Tercihen önyüz tasarımı, kullanılabilirlik kavramları hakkında bilgi sahibi,     "
"Sistem Destek Şefi","İstanbul","Bilişim sektöründe en az 10 yıl deneyimli, Microsoft server/client ürünleri, Network altyapı, TCP/IP, Sanallaştırma, Mail server, Yedekleme, Arşivleme,Çıktı sistemleri  kurulum ve desteği,Giriş çıkış kontrol sistemleri gibi Teknik konularında tecrübeli Raporlama, İletişim (telefon, data) sistemleri vb çalışma konularında yoğunlaşmış, Analitik düşünebilme, değişim ve gelişime açık olma, muhakeme, Proje geliştirebilme ve uygulayabilme, Stres yönetimi, yoğun tempoda çalışabilme Ekip yönetebilme İyi düzey İngilizce Askerlikle ilişiği bulunmayan (Erkek adaylar için) İstanbul Anadolu yakası veya Gebze ve civarında ikamet eden ve edebilecek olan adaylar.     iş Tanımı :   Gemak Şirketler Grubu bünyesinde, tüm şubelerinde bulunan IT altyapısı dahilinde ;  Gemak Grubun Bilgi Sistemleri server ve altyapılarının 7/24 esaslı çalışmasını sağlamak, "
"Kıdemli Yazılım Geliştirme Uzmanı"," ","Sektör liderleri arasında yer alan şirketimizin gelişen ve büyüyen kadrosunda görevlendirilmek üzere;  ·     Üniversitelerin Bilgisayar Mühendisliği, Yazılım Mühendisliği veya ilgili diğer bölümlerinden mezun,  ·     Java teknolojilerileri ile uygulama geliştirme tecrübesi olan,  ·     OOP, Solid Principles konularına hakim,  ·     Tercihen web service teknolojilerinde deneyimli (SOAP, REST)  ·     JPA, EJB vb. teknolojileri konusunda bilgi sahibi,  ·     Git / SVN gibi kod versiyonlama araçlarını etkin bir şekilde kullanabilen,   ·     İlişkisel veritabanları konusunda bilgili,  ·     Takım çalışmasına yatkın, etkili iletişim kurabilen,  ·     Kurumsal düzeyde uygulama geliştirmiş,  "
"ERP Geliştirme Uzmanı"," ","      Yetkinlikler ve Nitelikler         Üniversitelerin ilgili bölümlerinden, Bilgisayar Mühendisliği, Yazılım Mühendisliği vb. mezun,         Tercihen ERP kullanımtecrübesine sahip,         Tercihen ERP yazılımı geliştirmiş,         Veritabanı yapılarına, SQL sorgulama diline ve nesneye yönelik programlama prensiplerine hakim,         İyi düzeyde İngilizce ( Okuma, Yazma, Konuşma) bilgisine sahip,         İyi seviyede Excel bilgisi olan,         Analitik düşünme yeteneği gelişmiş,         Planlama ve organizasyon becerisi yüksek,         Ekip çalışmasına yatkın,         İletişim becerileri gelişmiş,         Raporlama becerisi gelişmiş olan.  "
"Kıdemli Yazılım Geliştirme Uzmanı"," "," "
"Zayıf Akım Sistemleri Mühendisi","İstanbul","Danışmanlığını yapmakta olduğumuz zayıf akım sistemlerinde uçtan uca hizmet veren müşterimiz için; sektörün önde gelen çözüm ortaklarıyla yaptığı projelerinde süpervizörlük, test, devreye alma ve mühendislik hizmetlerini sağlayacak tecrübeli Zayıf Akım Sistemleri Mühendisi aramaktayız.     Genel Nitelikler  •Üniversitelerin Elektrik, Elektronik veya Bilgisayar Mühendisliği/Teknikerliği bölümlerinden mezun,  •Zayıf Akım ve Bina Teknolojileri konusunda en az 3 yıl tecrübe sahibi,  •CCTV, Kartlı Geçiş, Yangın Algılama, Acil Anons vb sistemlerde kendi sorumluluğunda proje bitirme tecrübesine sahip,  •MS Office ve Autocad programlarını kullanabilen,  •Tercihen İngilizce bilen,  •Ehliyet sahibi ve aktif araç kullanabilen,  •Raporlama ve iletişim yetenekleri kuvvetli,  "
"Bilgi Teknolojileri Uzmanı","İstanbul","İş Tanımı      Kuruluş altyapı ihtiyaçlarını (ağ, donanım, sistem vb.) analiz eder, standartlarla uyumlu teknoloji ve çözümleri araştırır  Masaüstü ve teknik destek hizmetlerinde dış kaynaklardan sağlanan hizmetlerin performansını takip eder Sistemlerin sürekliliği ve performansına yönelik gerekli çalışmaları planlar, teknik düzenlemeleri yapar ve takip eder Kuruluş bünyesindeki sistemlerin ve uygulamaların yedeklerinin düzenli olarak alınmasını ve testlerinin periyodik olarak yapılmasını sağlar Kuruluşun Bilgi Teknolojileri (donanım ve yazılım ) envanterinin güncel tutulmasını sağlar Sorumluluğu dahilindeki konular için dokümantasyonları gerçekleştirir  Kuruluşla koordineli şekilde çalışıp BT altyapı projelerine destek olur         "
"Full Stack Javascript Developer","İstanbul","  Genç ar-ge ekibimize yazılım geliştirmeyi gerçekten seven ve motivasyonu yüksek takım arkadaşları arıyoruz. En yeni yazılım teknolojilerini kullanarak bir çok ülkede kullanılan nitelikli ürünler ortaya çıkarma fırsatı sizi bekliyor olacak     Aranan Yetenek ve Nitelikler  • Üniversitelerin Bilgisayar Mühendisliği yada ilgili bölümlerden mezun  • Çok iyi derecede Javascript bilgisine sahip  • Node.js platformunda uygulama geliştirmiş, tercihen Express.js, Electron.js, Cordova.js, MongoDB ile çalışmış  • Web teknolojileri ile responsive arayüzler oluşturabilen  • Yazılım geliştirme süreçleri ve dokümantasyonun öneminin farkında olan  • Yukarıda adı geçen teknolojilerin dışında veya yeni gelişen bir yazılım platformu ya da aracı ile çalışması gerektiğinde tedirgin olmak yerine heyecanlanan "
"Siem Danışmanı","Ankara, İstanbul"," "
"Yazılım Mühendisi"," "," "
"SAP ABAP Yazılım Geliştirme Uzmanı","İstanbul","ABAP programlama dilinde en az 3 yıl deneyimli Tercihen SAP Fiori veya Javascript konularında deneyimli Tercihen SAP HANA Development  (CDS, SQL Script, XSJS) konularında deneyimli Analitik düşünebilen ve çözüm odaklı Erkek adaylar için askerlikle ilişiği bulunmayan veya en az 2 yıl tecilli İyi derecede İngilizce bilen    İŞ TANIMI  Koçtaş, Koç Holding ile ev geliştirme perakendeciliği konusunda Avrupa'nın lider kuruluşu olan Kingfisher/B&Q ortaklığıdır. Dünya standartlarında perakendecilik uygulamalarıyla hızlı büyümeyi hedefleyenKoçtaş, Genel Müdürlük Bilgi Teknolojileri ve AR-GE Direktörüğü'ndegörevlendirilmek üzere;   İş birimlerinden gelen talepleri, kodlama standartlarına uygun olarak geliştirme, SAP ile diğer sistemler arasında entegrasyonları geliştirme, Yapılan geliştirmelerin, temel birim testlerini gerçekleştirme ve uygulamaya ait teknik tasarım dokümantasyonu oluşturma, SAP ailesinde bulunan diğer teknolojilerde de gerektiği durumlarda geliştirme yapabilme sorumluluklarını üstlenecek""SAP Abap Yazılım Geliştirme Uzmanı"" aramaktadır.    "
"Kurumsal Uygulama Geliştirme Uzmanı","İstanbul"," "
"Veri Giriş Elemanı","Mersin","GENEL NİTELİKLER    Üniversitelerin Endüstri, Matematik, Bilgisayar Mühendisliği bölümlerinden mezun, MM ve PP, modüllerinde veri girişi ve veri kontrolü yapacak, ERP sisteminin devreye alınma faaliyetinde bulunmuş veya bilgi sahibi, İletişim becerisi yüksek, Tercihen SAP bilen, Mersin'de ikamet eden ya da edebilecek, Analitik düşünen ve sonuç odaklı, Takım çalışmasına yatkın, Erkek adaylar için askerlik görevini tamamlamış   Veri Giriş Elemanı aramaktayız.  İş Tanımı:   ERP  ve SAP sistemlerinin ana verilerinin oluşturulması ve verinin güncel tutulması, ve operasyonel veri girişlerinin yapılması, Ana Veri yapısının yürütülmesi için mevcut iş süreçlerini sürekli geliştirilmek, yeni süreçleri tasarlamak, Mevcut ve yeni kurulacak iştirakler için yapının genişletilmesini sağlamak, "
"Kıdemli Yazılım Geliştirme Uzmanı","İstanbul","* Maaş 5 haneden başlayıp performansa göre yukarı doğru artmaktadır.  * Bilgisayar Mühendisliği bölümlerinden mezun veya kendini ileri düzeyde geliştirmiş ilgili bölümlerden mezun  * Microsoft .Net ve C# platformlarında yazılım geliştirme konusunda en az 5 yıllık profesyonel deneyime sahip  * MS SQL Server veri tabanı yönetim sistemlerinde en az 5 yıl deneyimli  * İnsan ilişkilerinde başarılı  * Ekip çalışmasına yatkın  * Askerlikle ilişkisi olmayan (Erkek adaylar için)  * Nesne tabanlı ve n-katmanlı yazılım geliştirme konusunda uzman  * Zamanını iyi planlayan ve kullanabilen  * Teknolojiyi ve yenilikleri takip eden, öğrenmeye ve gelişmeye açık  "
"Kıdemli Yazılım Geliştirme Uzmanı/Java","İstanbul"," "
"SAP ABAP Yazılımcısı","Ankara","Türkiye'nin önde gelen üniversitelerinin Bilgisayar Mühendisliği bölümünden mezun,   Aşağıda belirtilen alanlarda olmak üzere en az 5 yıl deneyimli;  ABAP kodlama MM- SD- HR- FI- BW- PS- CS modüllerinde tüm uygulama aşamalarında ABAP ile program ve rapor tasarlama Diyalog programlama ile ekran tasarımı Müşteri taleplerinin yönetilmesi Proje dokümantasyonlarının hazırlanması User-exit, Sreen-exit, Menu-exit, Customer-exit, BADI geliştirmeleri Smartforms, Adobe Form ile çıktı tasarımı Web sitesi ve Mobil uygulama projelerinde proje yönetimi ve tüm web mobil uygulama sorumluluğu, Çok katmanlı web uygulama projelerinin anazili,geliştirilmesi,bakımı ve yönetimi OLAB uygulamaları sürdürmek ve yönetmek İyi derecede İngilizce bilen, B sınıfı ehliyeti olan ve aktif olarak araç kullanabilen, Seyahat engeli bulunmayan, Erkek adaylar için askerliğini tamamlamış, İletişim becerisi yüksek ve ekip çalışmasına yatkın çalışma arkadaşı aramaktayız.  "
"IOS Yazılım Uzmanı","İstanbul","Üniversitelerin Bilgisayar Mühendisliği veya benzeri 4 yıllık bölümlerinden mezun,  En az 3 yıl mobil yazılım geliştirme tecrübesi olan,  Swift ve Objective C programlama dillerini çok iyi bilen, MVVM, MVC, Clean Swift hakkında bilgi sahibi, OOP, Web Services, SOAP, REST, JSON, XML konularında bilgi ve tecrübe sahibi, Veritabanı ve SQL konusunda yetkin (MS SQL, Oracle), Güncel 3rd parti geliştirme kütüphaneleri hakkında bilgi sahibi, App Store‘a uygulama yayınlama konusunda tecrübeli, Git ile daha önce çalışmış, İyi derecede İngilizce bilgisine sahip, Erkek adaylar için askerliğini tamamlamış veya en az 2 yıl tecilli.     İŞ TANIMI  Kurumun mobil bankacılık IOS yazılımlarını geliştirmek, "
"Android Yazılım Uzmanı","İstanbul"," "
"Yazılım Geliştirme Uzmanı"," "," "
